﻿<?xml version="1.0" encoding="utf-8" standalone="yes"?>
<addon id="plugin.video.filmstarts" name="FILMSTARTS.de" version="1.0.4" provider-name="L0RE, realvito">
	<requires>
		<import addon="xbmc.python" version="2.26.0"/>
		<import addon="plugin.video.youtube" version="6.3.0"/>
	</requires>
	<extension point="xbmc.python.pluginsource" library="default.py">
		<provides>video</provides>
	</extension>
	<extension point="xbmc.addon.metadata">
		<summary lang="de_DE">Filme und Serien (Trailer, Making of, Teaser ...)</summary>
		<summary lang="en_GB">Movies and Series (Trailer, Making of, Teaser ...)</summary>
		<description lang="de_DE">FILMSTARTS.de ist das führende Online-Magazin rund um das Medium Film.[CR]In der FILMSTARTS-Datenbank befinden sich mittlerweile Informationen zu mehr als 70.000 Filmen.[CR]Schaue Trailer, Making of, Teaser etc. von Filmen und Serien, ausgewählt und zusammengestellt von http://www.filmstarts.de.</description>
		<description lang="en_GB">FILMSTARTS.de is the leading online magazine about the medium of Movie.[CR]In the meantime the FILMSTARTS database contains information of more than 70.000 movies.[CR]Watch trailer, making of, teaser, etc. of movies and series, selected and compiled by http://www.filmstarts.de.</description>
		<disclaimer lang="de_DE">Die von diesem Addon dargestellten Inhalte werden von den Erstellern des Addons weder gehostet oder verbreitet, noch stehen die Ersteller in irgendeiner Beziehung zu den Anbietern des Inhalts.</disclaimer>
		<disclaimer lang="en_GB">The author does not host or distribute any of the content displayed by this addon. The author does not have any affiliation with the content providers.</disclaimer>
		<language></language>
		<platform>all</platform>
		<license>GNU GENERAL PUBLIC LICENSE. Version 3, June 2007</license>
		<forum>https://www.kodinerds.net/index.php/Thread/53743-RERelease-filmstarts/</forum>
		<website>http://www.filmstarts.de</website>
		<email></email>
		<source>https://repo.kodinerds.net/addons/leia/zip/plugin.video.filmstarts</source>
		<assets>
			<icon>icon.png</icon>
			<fanart>fanart.jpg</fanart>
		</assets>
		<news>[B][COLOR orangered]Version 1.0.4  (03.08.2020)[/COLOR][/B] by realvito[CR]
- fixed: Serien -> Die bestbewerteten Serien (kein Inhalt)
- fixed: Kino -> Starttermin nach Wochen (Es werden keine verfügbaren Trailer angezeigt)
- fixed: Häufig wird 'KEIN TRAILER' angezeigt obwohl vorhanden
		</news>
	</extension>
</addon>