﻿<?xml version="1.0" encoding="utf-8" standalone="yes"?>
<addon id="plugin.video.discovery.tlc" name="TLC Mediathek" version="3.1.6" provider-name="realvito">
	<requires>
		<import addon="xbmc.python" version="2.26.0"/>
		<import addon="script.module.requests" version="2.20.0"/>
		<import addon="inputstream.adaptive" version="2.4.5"/>
	</requires>
	<extension point="xbmc.python.pluginsource" library="default.py">
		<provides>video</provides>
	</extension>
	<extension point="xbmc.addon.metadata">
		<summary lang="de_DE">TLC Mediathek</summary>
		<summary lang="en_GB">TLC Mediathek</summary>
		<description lang="de_DE">Ob Crime, Mystery, Liebes-Geschichten und Sendungen, die von echten menschlichen Schicksalen erzählen - wähle TLC-DE.[CR]Erlebe pure Emotionen auf tlc.de.[CR]TLC-DE (ursprünglich eine Abkürzung für The Learning Channel) ist ein deutschsprachiger Fernsehsender von Discovery Networks Deutschland.</description>
		<description lang="en_GB">Whether it's crime, mystery, love stories or programmes that tell of real human fates - choose TLC-DE.[CR]Experience pure emotion on tlc.de.[CR]TLC-DE (originally an abbreviation for The Learning Channel) is a German-language television station of Discovery Networks Germany.</description>
		<disclaimer lang="de_DE">Die von diesem Addon dargestellten Inhalte werden von den Erstellern des Addons weder gehostet oder verbreitet, noch stehen die Ersteller in irgendeiner Beziehung zu den Anbietern des Inhalts.</disclaimer>
		<disclaimer lang="en_GB">The author does not host or distribute any of the content displayed by this addon. The author does not have any affiliation with the content providers.</disclaimer>
		<language></language>
		<platform>all</platform>
		<license>GNU GENERAL PUBLIC LICENSE. Version 3, June 2007</license>
		<forum>https://www.kodinerds.net/index.php/Thread/55451-L0REs-Blog/</forum>
		<website>https://tlc.de</website>
		<email></email>
		<mainsource>https://github.com/Collabsvito/REpo-AiO/</mainsource>
		<source>https://github.com/Collabsvito/REpo-AiO/tree/master/KRYPTON_LEIA/plugin.video.discovery.tlc</source>
		<assets>
			<icon>icon.png</icon>
			<fanart>fanart.jpg</fanart>
		</assets>
		<news>
[B][COLOR orangered]Version 3.1.6  (02.07.2022)[/COLOR][/B]
- added: Rubrik = 'Neue Sendungen (Episoden)' (z.Zt. zuverlässigste Methode um alle Episoden der vergangenen 7 Tage zu erfassen, aktuell nach Onlinestellung)
- comment: *Leider ist die neue Methode die Rubrik: 'Neue Sendungen (Serien)' nach dem Eintrag: 'newestEpisodePublishStart' abzufragen auch nicht zu 100% ausfallsicher (z.B. bei TLC fehlte eine Serie z.Zt. der Prüfung) !!!*

[B][COLOR orangered]Version 3.1.5  (21.06.2022)[/COLOR][/B]
- fixed: Es werden überhaupt KEINE Videos im Ordner 'Neue Sendungen ' angezeigt (API oder Anbieter Fehlprogrammierung)
- added: Script-Anforderung/Sortierung für den Ordner 'Neue Sendungen' erzwingen (settings)
- optimized: Alle Ordner werden jetzt schneller geöffnet durch neue *asynchrone* Abfragemethode
- comment: *Leider kämpft Discovery in letzter Zeit mit teilweisen Aussetzern in Ihrer API, ob das an der Programmierung von deren Server oder an dem Menschen davor liegt ist leider nicht feststellbar ?!*
- comment: *Dies hat gerade der komplette Ausfall der Rubrik 'Neue Sendungen' deutlich gemacht - die Hoffnung stirbt zuletzt ODER... ?!*
		</news>
	</extension>
</addon>
