﻿<?xml version="1.0" encoding="utf-8" standalone="yes"?>
<addon id="plugin.video.tvspielfilm_de" name="TV Spielfilm - MediathekenTipps" version="2.3.3+matrix.1" provider-name="realvito">
	<requires>
		<import addon="xbmc.python" version="3.0.0"/>
		<import addon="script.module.requests" version="2.27.0"/>
		<import addon="plugin.video.tyl0re.arte" optional="true"/>
		<import addon="plugin.video.joyn" optional="true"/>
		<import addon="plugin.video.servustv_com" optional="true"/>
		<import addon="plugin.video.tele5_de" optional="true"/>
	</requires>
	<extension point="xbmc.python.pluginsource" library="default.py">
		<provides>video</provides>
	</extension>
	<extension point="xbmc.addon.metadata">
		<summary lang="de_DE">Das Beste aus TV-Spielfilm</summary>
		<summary lang="en_GB">The best from TV-Spielfilm</summary>
		<description lang="de_DE">In TV SPIELFILM findest Du das beste Programm aus den Mediatheken von vielen TV-Sendern sortiert und übersichtlich. Neben der gezielten Senderauswahl, werden auch die Mediatheken-Tipps nach den Sparten Spielfilme, Serien, Dokus &amp; Polit-Talks, Unterhaltung, Kinderfilme &amp; -serien und Sport angeboten.[CR][CR]     HAVE FUN</description>
		<description lang="en_GB">In TV SPIELFILM you will find the best programs from the media libraries of many TV stations sorted and clearly arranged. In addition to the targeted channel selection, the media library tips are also offered according to the Categories of feature Movies, Series, Documentaries &amp; Political talks, Entertainment, Children's movies &amp; series and Sports.[CR][CR]     HAVE FUN</description>
		<disclaimer lang="de_DE">Die von diesem Addon dargestellten Inhalte werden von den Erstellern des Addons weder gehostet oder verbreitet, noch stehen die Ersteller in irgendeiner Beziehung zu den Anbietern des Inhalts.</disclaimer>
		<disclaimer lang="en_GB">The content displayed by this Addon is not hosted or distributed by the creators of the Addon, nor do the creators have any affiliation with the providers of the content.</disclaimer>
		<language></language>
		<platform>all</platform>
		<license>GNU GENERAL PUBLIC LICENSE. Version 3, June 2007</license>
		<forum>https://www.kodinerds.net/thread/55451-l0res-blog-realvitos-fixing-thread/</forum>
		<website>https://www.tvspielfilm.de/mediathek/</website>
		<email></email>
		<mainsource>https://github.com/Collabsvito/REpo-AiO/</mainsource>
		<source>https://github.com/Collabsvito/REpo-AiO/tree/master/MATRIX/plugin.video.tvspielfilm_de</source>
		<assets>
			<icon>resources/media/icon.png</icon>
			<fanart>resources/media/fanart.jpg</fanart>
		</assets>
		<news>
[B][COLOR orangered]Version 2.3.3+matrix.1  (24.08.2025)[/COLOR][/B]
- fixed: Einige Streams vom 'ZDF+3' sind nicht abspielbar (Error: Der Provider 'www.zdfheute.de' wird z.Zt. nicht unterstützt)
- fixed: FSK, Regisseur und Schauspieler werden nicht angezeigt (Quelltext verändert)
		</news>
	</extension>
</addon>
