﻿<?xml version="1.0" encoding="utf-8" standalone="yes"?>
<addon id="plugin.video.sendungverpasst" name="Sendungverpasst - MediathekFundus" version="1.0.9+matrix.1" provider-name="realvito">
	<requires>
		<import addon="xbmc.python" version="3.0.0"/>
		<import addon="script.module.requests" version="2.27.0"/>
		<import addon="plugin.video.tyl0re.arte" optional="true"/>
		<import addon="plugin.video.joyn" optional="true"/>
		<import addon="plugin.video.tvnow.de" optional="true"/>
	</requires>
	<extension point="xbmc.python.pluginsource" library="default.py">
		<provides>video</provides>
	</extension>
	<extension point="xbmc.addon.metadata">
		<summary lang="de_DE">Mediatheken Angebot</summary>
		<summary lang="en_GB">Mediatheques Offer</summary>
		<description lang="de_DE">Sendungverpasst.de ist eine Suchmaschine für das Videoangebot der traditionellen deutschen TV-Sender, die jeder von seinem Fernseher kennt.[CR]Angereichert mit redaktionellen Beiträgen, Empfehlungen, Top- und Trend-Listen und Vielem mehr bietet Sendungverpasst.de den idealen Einstiegspunkt, um sich im Dschungel des Web-TV zu orientieren.</description>
		<description lang="en_GB">Sendungverpasst.de is a search engine for the video offerings of the traditional German TV channels that everyone knows from their TV set.[CR]Enriched with editorial contributions, recommendations, top and trend lists and much more, Sendungverpasst.de offers the ideal entry point for finding your way through the jungle of Web-TV.</description>
		<disclaimer lang="de_DE">Die von diesem Addon dargestellten Inhalte werden von den Erstellern des Addons weder gehostet oder verbreitet, noch stehen die Ersteller in irgendeiner Beziehung zu den Anbietern des Inhalts.</disclaimer>
		<disclaimer lang="en_GB">The content displayed by this Addon is not hosted or distributed by the creators of the Addon, nor do the creators have any affiliation with the providers of the content.</disclaimer>
		<language></language>
		<platform>all</platform>
		<license>GNU GENERAL PUBLIC LICENSE. Version 3, June 2007</license>
		<forum>https://www.kodinerds.net/thread/55451-l0res-blog-realvitos-fixing-thread/</forum>
		<website>https://www.sendungverpasst.de/</website>
		<email></email>
		<mainsource>https://github.com/Collabsvito/REpo-AiO/</mainsource>
		<source>https://github.com/Collabsvito/REpo-AiO/tree/master/MATRIX/plugin.video.sendungverpasst</source>
		<assets>
			<icon>resources/media/icon.png</icon>
			<fanart>resources/media/fanart.jpg</fanart>
		</assets>
		<news>
[B][COLOR orangered]Version 1.0.9+matrix.1  (22.08.2025)[/COLOR][/B]
- fixed: Einige Streams vom 'ZDF+3' sind nicht abspielbar (Error: Der Provider 'www.zdfheute.de' wird z.Zt. nicht unterstützt)
		</news>
	</extension>
</addon>