﻿<?xml version="1.0" encoding="utf-8" standalone="yes"?>
<addon id="plugin.video.tyl0re.weltderwunder" name="Welt der Wunder" version="2.1.0+matrix.1" provider-name="L0RE, realvito">
	<requires>
		<import addon="xbmc.python" version="3.0.0"/>
		<import addon="script.module.requests" version="2.22.0+matrix.1"/>
		<import addon="script.module.beautifulsoup4" version="4.8.2+matrix.1"/>
		<import addon="plugin.video.youtube" version="6.8.1+matrix.1" optional="true"/>
		<import addon="script.module.youtube.dl"/>
	</requires>
	<extension point="xbmc.python.pluginsource" library="default.py">
		<provides>video</provides>
	</extension>
	<extension point="xbmc.addon.metadata">
		<summary lang="de_DE">Videoportal von Welt der Wunder</summary>
		<summary lang="en_GB">Videoportal of Welt der Wunder</summary>
		<description lang="de_DE">Jeden Tag, rund um die Uhr und mit immer vielfältigeren Inhalten: Dokumentationen, Reportagen, Magazine und demnächst mit noch nie dagewesenen, neuen Formaten - so schlägt das Herz von Welt der Wunder TV !</description>
		<description lang="en_GB">Every day, around the clock and with ever more diverse content: documentaries, reportages, magazines and soon with unprecedented new formats - that's what the heart of the World of Miracles TV !</description>
		<disclaimer lang="de_DE">Die von diesem Addon dargestellten Inhalte werden von den Erstellern des Addons weder gehostet oder verbreitet, noch stehen die Ersteller in irgendeiner Beziehung zu den Anbietern des Inhalts.</disclaimer>
		<disclaimer lang="en_GB">The author does not host or distribute any of the content displayed by this addon. The author does not have any affiliation with the content providers.</disclaimer>
		<language></language>
		<platform>all</platform>
		<license>GNU GENERAL PUBLIC LICENSE. Version 3, June 2007</license>
		<forum>https://www.kodinerds.net/index.php/Thread/55451-L0REs-Blog/</forum>
		<website>http://www.weltderwunder.de</website>
		<email></email>
		<mainsource>https://github.com/Collabsvito/REpo-AiO/</mainsource>
		<source>https://repo.kodinerds.net/addons/matrix/zip/plugin.video.tyl0re.weltderwunder</source>
		<assets>
			<icon>resources/media/icon.png</icon>
			<fanart>resources/media/fanart.jpg</fanart>
		</assets>
		<news>[B][COLOR orangered]Version 2.1.0+matrix.1  (15.05.2021)[/COLOR][/B] by realvito[CR]
- fixed: YouTube Playlisten von 'Welt der Wunder' (Fehler 404 beim öffnen)
- fixed: LIVESTREAM wird nicht abgespielt
		</news>
	</extension>
</addon>