﻿<?xml version="1.0" encoding="utf-8" standalone="yes"?>
<addon id="plugin.video.weltderwunder" name="Welt der Wunder" version="3.0.3+matrix.1" provider-name="realvito">
	<requires>
		<import addon="xbmc.python" version="3.0.0"/>
		<import addon="plugin.video.youtube" version="6.8.1+matrix.1"/>
	</requires>
	<extension point="xbmc.python.pluginsource" library="default.py">
		<provides>video</provides>
	</extension>
	<extension point="xbmc.addon.metadata">
		<summary lang="de_DE">Welt der Wunder auf YOUTUBE</summary>
		<summary lang="en_GB">Welt der Wunder on YOUTUBE</summary>
		<description lang="de_DE">Jeden Tag, rund um die Uhr bietet Welt der Wunder seit 1996 interessantes Wissen, verständlich erklärt. Das Beste aus Forschung und Wissenschaft mit täglich neuen Storys.[CR]Nicht glauben, sondern wissen.</description>
		<description lang="en_GB">Every day, around the clock, Welt der Wunder has been offering interesting knowledge, explained in an understandable way, since 1996. The best of research and science with new stories every day.[CR]Don't believe, but know.</description>
		<disclaimer lang="de_DE">Die von diesem Addon dargestellten Inhalte werden von den Erstellern des Addons weder gehostet oder verbreitet, noch stehen die Ersteller in irgendeiner Beziehung zu den Anbietern des Inhalts.</disclaimer>
		<disclaimer lang="en_GB">The author does not host or distribute any of the content displayed by this addon. The author does not have any affiliation with the content providers.</disclaimer>
		<language></language>
		<platform>all</platform>
		<license>GNU GENERAL PUBLIC LICENSE. Version 3, June 2007</license>
		<forum>https://www.kodinerds.net/thread/55451-l0res-blog-realvitos-fixing-thread/</forum>
		<website>https://www.weltderwunder.de</website>
		<email></email>
		<mainsource>https://github.com/Collabsvito/REpo-AiO/</mainsource>
		<source>https://github.com/Collabsvito/REpo-AiO/tree/master/MATRIX/plugin.video.weltderwunder</source>
		<assets>
			<icon>resources/media/icon.png</icon>
			<fanart>resources/media/fanart.jpg</fanart>
		</assets>
		<news>
[B][COLOR orangered]Version 3.0.3+matrix.1  (17.09.2023)[/COLOR][/B]
- fixed: Dynamische Playlisten von 'Welt der Wunder' auf Youtube können nicht geöffnet werden (Error Type: class 'json.decoder.JSONDecodeError')
		</news>
	</extension>
</addon>
