﻿<?xml version="1.0" encoding="utf-8" standalone="yes"?>
<addon id="plugin.video.tvspielfilm_de" name="TV Spielfilm - MediathekenTipps" version="2.1.6+matrix.1" provider-name="realvito">
	<requires>
		<import addon="xbmc.python" version="3.0.0"/>
		<import addon="script.module.requests" version="2.22.0+matrix.1"/>
		<import addon="plugin.video.tyl0re.arte" optional="true"/>
		<import addon="plugin.video.joyn" optional="true"/>
		<import addon="plugin.video.servustv_com" optional="true"/>
		<import addon="plugin.video.tele5_de" optional="true"/>
		<import addon="plugin.video.rtlgroup.de" optional="true"/>
	</requires>
	<extension point="xbmc.python.pluginsource" library="default.py">
		<provides>video</provides>
	</extension>
	<extension point="xbmc.addon.metadata">
		<summary lang="de_DE">Das Beste aus TV-Spielfilm</summary>
		<summary lang="en_GB">The best from TV-Spielfilm</summary>
		<description lang="de_DE">In TV SPIELFILM findest Du das beste Programm aus den Mediatheken von vielen TV-Sendern sortiert und übersichtlich. Neben der gezielten Senderauswahl, werden auch die Mediatheken-Tipps nach den Sparten Spielfilm, Serie, Dokus &amp; Polit-Talks, Shows &amp; Comedy, Kinderfilme &amp; -serien und Sport angeboten.[CR][CR]     HAVE FUN</description>
		<description lang="en_GB">In TV SPIELFILM you will find the best programs from the media libraries of many TV stations sorted and clearly arranged. In addition to the targeted channel selection, the media library tips are also offered according to the Categories of feature Movies, Series, Documentaries &amp; Political talks, Shows &amp; Comedy, Children's movies &amp; series and Sports.[CR][CR]     HAVE FUN</description>
		<disclaimer lang="de_DE">Die von diesem Addon dargestellten Inhalte werden von den Erstellern des Addons weder gehostet oder verbreitet, noch stehen die Ersteller in irgendeiner Beziehung zu den Anbietern des Inhalts.</disclaimer>
		<disclaimer lang="en_GB">The author does not host or distribute any of the content displayed by this addon. The author does not have any affiliation with the content providers.</disclaimer>
		<language></language>
		<platform>all</platform>
		<license>GNU GENERAL PUBLIC LICENSE. Version 3, June 2007</license>
		<forum>https://www.kodinerds.net/thread/55451-l0res-blog-realvitos-fixing-thread/</forum>
		<website>https://www.tvspielfilm.de/mediathek/</website>
		<email></email>
		<mainsource>https://github.com/Collabsvito/REpo-AiO/</mainsource>
		<source>https://github.com/Collabsvito/REpo-AiO/tree/master/MATRIX/plugin.video.tvspielfilm_de</source>
		<assets>
			<icon>resources/media/icon.png</icon>
			<fanart>resources/media/fanart.jpg</fanart>
		</assets>
		<news>
[B][COLOR orangered]Version Version 2.1.6+matrix.1/2.1.5+matrix.1  (26.05.2023)[/COLOR][/B]
- fixed: Doppelte Videoeinträge entfernen/herausfiltern
- fixed: Rubrik: 'Tipps der Woche' nach Datum sortieren (defekt durch neue Einteilung der Listen)

[B][COLOR orangered]Version 2.1.4+matrix.1  (21.05.2023)[/COLOR][/B]
- added: Abhängigkeit "plugin.video.joyn" zum Abspielen von Links der Seven.One Entertainment Group
		</news>
	</extension>
</addon>
