﻿<?xml version="1.0" encoding="utf-8" standalone="yes"?>
<addon id="service.cron.autobiblio" name="Crontab für andere Addons" version="2.1.4+matrix.1" provider-name="realvito">
	<requires>
		<import addon="xbmc.python" version="3.0.0"/>
	</requires>
	<extension point="xbmc.python.pluginsource" library="default.py">
		<provides>executable</provides>
	</extension>
	<extension point="xbmc.service" library="service.py"/>
	<extension point="xbmc.addon.metadata">
		<summary lang="de_DE">Crontab - Aktionssteuerung</summary>
		<summary lang="en_GB">Crontab - Action control</summary>
		<description lang="de_DE">[COLOR orangered]- Addon-Support eingestellt ![/COLOR]</description>
		<description lang="en_GB">[COLOR orangered]- Addon support discontinued ![/COLOR]</description>
		<disclaimer lang="de_DE">Die von diesem Addon dargestellten Inhalte werden von den Erstellern des Addons weder gehostet oder verbreitet, noch stehen die Ersteller in irgendeiner Beziehung zu den Anbietern des Inhalts.</disclaimer>
		<disclaimer lang="en_GB">The content displayed by this Addon is not hosted or distributed by the creators of the Addon, nor do the creators have any affiliation with the providers of the content.</disclaimer>
		<language></language>
		<platform>all</platform>
		<license>GNU GENERAL PUBLIC LICENSE. Version 3, June 2007</license>
		<forum>https://www.kodinerds.net/thread/55451-l0res-blog-realvitos-fixing-thread/</forum>
		<website></website>
		<email></email>
		<mainsource>https://github.com/Collabsvito/REpo-AiO/</mainsource>
		<source>https://github.com/Collabsvito/REpo-AiO/tree/master/MATRIX/service.cron.autobiblio</source>
		<assets>
			<icon>resources/icon.png</icon>
		</assets>
		<lifecyclestate type="broken" lang="de_DE">- Addon-Support eingestellt !</lifecyclestate>
		<lifecyclestate type="broken" lang="en_GB">- Addon support discontinued !</lifecyclestate>
		<news>
[B][COLOR orangered]Version 2.1.4+matrix.1  (20.04.2025)[/COLOR][/B]
- Addon-Support eingestellt !
		</news>
	</extension>
</addon>
