﻿<?xml version="1.0" encoding="utf-8" standalone="yes"?>
<addon id="plugin.video.viacom.mtv" name="MTV Germany" version="2.0.8+matrix.1" provider-name="realvito">
	<requires>
		<import addon="xbmc.python" version="3.0.0"/>
		<import addon="script.module.requests" version="2.27.0"/>
		<import addon="script.common.plugin.cache" version="2.6.2+matrix.1"/>
	</requires>
	<extension point="xbmc.python.pluginsource" library="default.py">
		<provides>video</provides>
	</extension>
	<extension point="xbmc.addon.metadata">
		<summary lang="de_DE">MTV.de Musik und mehr</summary>
		<summary lang="en_GB">MTV.de Music and more</summary>
		<description lang="de_DE">[COLOR orangered]- Die Webseite MTV - Deutschland bietet keine Live- und Vodstreams mehr an.[CR]- Addon-Support eingestellt ![/COLOR]</description>
		<description lang="en_GB">[COLOR orangered]- The Website MTV - Germany no longer offers Live- and Vodstreams[CR]- Addon support discontinued ![/COLOR]</description>
		<disclaimer lang="de_DE">Die von diesem Addon dargestellten Inhalte werden von den Erstellern des Addons weder gehostet oder verbreitet, noch stehen die Ersteller in irgendeiner Beziehung zu den Anbietern des Inhalts.</disclaimer>
		<disclaimer lang="en_GB">The author does not host or distribute any of the content displayed by this addon. The author does not have any affiliation with the content providers.</disclaimer>
		<language></language>
		<platform>all</platform>
		<license>GNU GENERAL PUBLIC LICENSE. Version 3, June 2007</license>
		<forum>https://www.kodinerds.net/thread/55451-l0res-blog-realvitos-fixing-thread/</forum>
		<website>https://www.mtv.de/</website>
		<email></email>
		<mainsource>https://github.com/Collabsvito/REpo-AiO/</mainsource>
		<source>https://github.com/Collabsvito/REpo-AiO/tree/master/MATRIX/plugin.video.viacom.mtv</source>
		<assets>
			<icon>resources/media/icon.png</icon>
			<fanart>resources/media/fanart.jpg</fanart>
		</assets>
		<lifecyclestate type="broken" lang="de_DE">- Die Webseite MTV - Deutschland bietet keine Live- und Vodstreams mehr an.[CR]- Addon-Support eingestellt !</lifecyclestate>
		<lifecyclestate type="broken" lang="en_GB">- The Website MTV - Germany no longer offers Live- and Vodstreams[CR]- Addon support discontinued !</lifecyclestate>
		<news>
[B][COLOR orangered]Version 2.0.8+matrix.1  (03.11.2024)[/COLOR][/B]
- Die Webseite MTV - Deutschland bietet keine Live- und Vodstreams mehr an.[CR]- Addon-Support eingestellt !
		</news>
	</extension>
</addon>
