﻿<?xml version="1.0" encoding="utf-8" standalone="yes"?>
<addon id="service.cron.autobiblio" name="Crontab für andere Addons" version="2.1.2+matrix.1" provider-name="realvito">
	<requires>
		<import addon="xbmc.python" version="3.0.0"/>
	</requires>
	<extension point="xbmc.python.pluginsource" library="resources/lib/navigator.py">
		<provides>executable</provides>
	</extension>
	<extension point="xbmc.service" library="resources/lib/service.py"/>
	<extension point="xbmc.addon.metadata">
		<summary lang="de_DE">Crontab - Aktionssteuerung</summary>
		<summary lang="en_GB">Crontab - Action control</summary>
		<description lang="de_DE">Ein Service um regelmäßig (Stunden/Tage) gespeicherte Aktionen (z.B. Aktualisierung der Addon-Medienbibliothek) in anderen Plugins aufzurufen.</description>
		<description lang="en_GB">A service to call regular (hours/days) stored actions (e.g. update the addon media library) in other plugins.</description>
		<disclaimer lang="de_DE">Die von diesem Addon dargestellten Inhalte werden von den Erstellern des Addons weder gehostet oder verbreitet, noch stehen die Ersteller in irgendeiner Beziehung zu den Anbietern des Inhalts.</disclaimer>
		<disclaimer lang="en_GB">The author does not host or distribute any of the content displayed by this addon. The author does not have any affiliation with the content providers.</disclaimer>
		<language></language>
		<platform>all</platform>
		<license>GNU GENERAL PUBLIC LICENSE. Version 3, June 2007</license>
		<forum>https://www.kodinerds.net/thread/55451-l0res-blog-realvitos-fixing-thread/</forum>
		<website></website>
		<email></email>
		<mainsource>https://github.com/Collabsvito/REpo-AiO/</mainsource>
		<source>https://github.com/Collabsvito/REpo-AiO/tree/master/MATRIX/service.cron.autobiblio</source>
		<assets>
			<icon>resources/icon.png</icon>
		</assets>
		<news>
[B][COLOR orangered]Version 2.1.2+matrix.1  (26.05.2023)[/COLOR][/B]
- added: Anpassungen an Änderungen von KODI-Nexus
		</news>
	</extension>
</addon>
