﻿<?xml version="1.0" encoding="utf-8" standalone="yes"?>
<addon id="plugin.video.vfb_stuttgart" name="VfB-Stuttgart TV" version="1.0.4+matrix.1" provider-name="realvito">
	<requires>
		<import addon="xbmc.python" version="3.0.0"/>
		<import addon="script.module.requests" version="2.27.0"/>
		<import addon="plugin.video.youtube" version="6.8.1+matrix.1" optional="true"/>
	</requires>
	<extension point="xbmc.python.pluginsource" library="default.py">
		<provides>video</provides>
	</extension>
	<extension point="xbmc.addon.metadata">
		<summary lang="de_DE">Videoportal des VfB-Stuttgart</summary>
		<summary lang="en_GB">Videoportal of the VfB-Stuttgart</summary>
		<description lang="de_DE">Alle Bundesligaspiele des VfB-Stuttgart nach Schlusspfiff in voller Länge und im Highlights-Schnitt.[CR]Exklusive Interviews und die Pressekonferenzen. Laufend neue Facts und Features des Vereins.</description>
		<description lang="en_GB">All Bundesliga matches of the VfB-Stuttgart after the final whistle in full length and in highlights-editing.[CR]Exclusive interviews and the press conferences. Ongoing new facts and features of the club.</description>
		<disclaimer lang="de_DE">Die von diesem Addon dargestellten Inhalte werden von den Erstellern des Addons weder gehostet oder verbreitet, noch stehen die Ersteller in irgendeiner Beziehung zu den Anbietern des Inhalts.</disclaimer>
		<disclaimer lang="en_GB">The content displayed by this Addon is not hosted or distributed by the creators of the Addon, nor do the creators have any affiliation with the providers of the content.</disclaimer>
		<language></language>
		<platform>all</platform>
		<license>GNU GENERAL PUBLIC LICENSE. Version 3, June 2007</license>
		<forum>https://www.kodinerds.net/thread/55451-l0res-blog-realvitos-fixing-thread/</forum>
		<website>https://vfbtv.vfb.de/tv/</website>
		<email></email>
		<mainsource>https://github.com/Collabsvito/REpo-AiO/</mainsource>
		<source>https://github.com/Collabsvito/REpo-AiO/tree/master/MATRIX/plugin.video.vfb_stuttgart</source>
		<assets>
			<icon>resources/media/icon.png</icon>
			<fanart>resources/media/fanart.jpg</fanart>
		</assets>
		<news>
[B][COLOR orangered]Version 1.0.4+matrix.1  (21.09.2025)[/COLOR][/B]
- fixed: Keine Ordner in der Startübersicht vorhanden
- added: Rubriken = Saison: Europacup und Supercup, Junioren: NLZ Torparade und Youth League, Frauen: 2. Bundesliga und Regionalliga Süd
- added: Dynamische Playlisten von 'VfB Stuttgart (VfB-TV)' auf YouTube immer aktuell
- comment: * Aufgrund diverser Änderungen an den „Addon-Einstellungen“ werden diese beim ersten Start des Addons automatisch zurückgesetzt und evtl. vorhandene Account-Daten müssen erneut eingegeben werden! *
		</news>
	</extension>
</addon>
