﻿<?xml version="1.0" encoding="utf-8" standalone="yes"?>
<addon id="plugin.video.tyl0re.mtv" name="MTV Germany" version="1.2.8" provider-name="L0RE, realvito">
	<requires>
		<import addon="xbmc.python" version="2.25.0"/>
		<import addon="script.module.beautifulsoup4" version="4.6.0"/>
		<import addon="script.module.requests" version="2.20.0"/>
		<import addon="script.common.plugin.cache" version="2.6.0"/>
	</requires>
	<extension point="xbmc.python.pluginsource" library="default.py">
		<provides>video</provides>
	</extension>
	<extension point="xbmc.addon.metadata">
		<summary lang="de_DE">MTV Musik</summary>
		<summary lang="en_GB">MTV Music</summary>
		<description lang="de_DE">Hört euch die neuesten Songs eurer Lieblingsacts an und checkt deren Musikvideos oder seht komplette Staffeln eurer liebsten TV-Serien an.[CR]MTV ist die ultimative Quelle für Musik, Lifestyle, Popkultur, Entertainment, Filme und vieles mehr...</description>
		<description lang="en_GB">Listen to the latest songs of your favorite acts and check out their music videos or watch complete seasons of your favorite TV series.[CR]MTV is the ultimate source for music, lifestyle, pop culture, entertainment, movies and much more...</description>
		<disclaimer lang="de_DE">Die von diesem Addon dargestellten Inhalte werden von den Erstellern des Addons weder gehostet oder verbreitet, noch stehen die Ersteller in irgendeiner Beziehung zu den Anbietern des Inhalts.</disclaimer>
		<disclaimer lang="en_GB">The author does not host or distribute any of the content displayed by this addon. The author does not have any affiliation with the content providers.</disclaimer>
		<language></language>
		<platform>all</platform>
		<license>GNU GENERAL PUBLIC LICENSE. Version 3, June 2007</license>
		<forum>https://www.kodinerds.net/index.php/Thread/55451-L0REs-Blog/</forum>
		<website>http://www.mtv.de</website>
		<email></email>
		<source>https://repo.kodinerds.net/addons/krypton/zip/plugin.video.tyl0re.mtv</source>
		<assets>
			<icon>icon.png</icon>
			<fanart>fanart.jpg</fanart>
		</assets>
		<news>[B][COLOR orangered]Version 1.2.8  (28.12.2020)[/COLOR][/B] by realvito[CR]
- optimized: Code cleanup
		</news>
	</extension>
</addon>