﻿<?xml version="1.0" encoding="utf-8" standalone="yes"?>
<addon id="plugin.video.tyl0re.weltderwunder" name="Welt der Wunder (old-broken)" version="2.1.1" provider-name="L0RE, realvito">
	<requires>
		<import addon="xbmc.python" version="2.26.0"/>
		<import addon="script.module.requests" version="2.20.0"/>
		<import addon="script.module.beautifulsoup4" version="4.6.2"/>
		<import addon="plugin.video.youtube" version="6.5.0" optional="true"/>
		<import addon="script.module.youtube.dl"/>
		<import addon="plugin.video.weltderwunder" version="3.0.1"/>
	</requires>
	<extension point="xbmc.python.pluginsource" library="default.py">
		<provides>video</provides>
	</extension>
	<extension point="xbmc.addon.metadata">
		<summary lang="de_DE">Videoportal von Welt der Wunder</summary>
		<summary lang="en_GB">Videoportal of Welt der Wunder</summary>
		<description lang="de_DE">[COLOR red]- Dieses Addon bekommt einen neuen Pfad im KODI-Verzeichnis ![CR]- Der neue Pfad lautet: 'plugin.video.weltderwunder'.[CR][CR]- Bitte das neue Addon mit der Version-No. 3.0.1 AKTIVIEREN.[CR]- Danach dieses Addon mit der Version-No. 2.1.1 DEINSTALLIEREN.[/COLOR]</description>
		<description lang="en_GB">[COLOR red]- This Addon gets a new path in the KODI directory ![CR]- The new Path named: 'plugin.video.weltderwunder'.[CR][CR]- Please ACTIVATE the new Addon with the Version-No. 3.0.1.[CR]- After that UNINSTALL this Addon with the Version-No. 2.1.1.[/COLOR]</description>
		<disclaimer lang="de_DE">Die von diesem Addon dargestellten Inhalte werden von den Erstellern des Addons weder gehostet oder verbreitet, noch stehen die Ersteller in irgendeiner Beziehung zu den Anbietern des Inhalts.</disclaimer>
		<disclaimer lang="en_GB">The author does not host or distribute any of the content displayed by this addon. The author does not have any affiliation with the content providers.</disclaimer>
		<language></language>
		<platform>all</platform>
		<license>GNU GENERAL PUBLIC LICENSE. Version 3, June 2007</license>
		<forum>https://www.kodinerds.net/index.php/Thread/55451-L0REs-Blog/</forum>
		<website>http://www.weltderwunder.de</website>
		<email></email>
		<mainsource>https://github.com/Collabsvito/REpo-AiO/</mainsource>
		<source></source>
		<assets>
			<icon>icon.png</icon>
			<fanart>fanart.jpg</fanart>
		</assets>
		<broken>
- Dieses Addon bekommt einen neuen Pfad im KODI-Verzeichnis ![CR]- Der neue Pfad lautet: 'plugin.video.weltderwunder'.[CR][CR]- Bitte das neue Addon mit der Version-No. 3.0.1 AKTIVIEREN.[CR]- Danach dieses Addon mit der Version-No. 2.1.1 DEINSTALLIEREN.
		</broken>
		<news>[B][COLOR orangered]Version 2.1.1  (17.03.2022)[/COLOR][/B] by realvito[CR]
- Dieses Addon bekommt einen neuen Pfad im KODI-Verzeichnis ![CR]- Der neue Pfad lautet: 'plugin.video.weltderwunder'.[CR][CR]- Bitte das neue Addon mit der Version-No. 3.0.1 AKTIVIEREN.[CR]- Danach dieses Addon mit der Version-No. 2.1.1 DEINSTALLIEREN.
		</news>
	</extension>
</addon>
