﻿<?xml version="1.0" encoding="utf-8" standalone="yes"?>
<addon id="plugin.video.galileo.tv" name="Galileo.TV" version="2.0.1+matrix.1" provider-name="realvito">
	<requires>
		<import addon="xbmc.python" version="3.0.0"/>
		<import addon="script.module.requests" version="2.27.0"/>
		<import addon="inputstream.adaptive" version="2.4.8"/>
		<import addon="plugin.video.joyn"/>
		<import addon="plugin.video.youtube" version="6.8.1+matrix.1" optional="true"/>
	</requires>
	<extension point="xbmc.python.pluginsource" library="default.py">
		<provides>video</provides>
	</extension>
	<extension point="xbmc.addon.metadata">
		<summary lang="de_DE">Videoportal von Galileo auf ProSieben</summary>
		<summary lang="en_GB">Videoportal of Galileo on ProSieben</summary>
		<description lang="de_DE">GALILEO liefert relevantes Wissen mit Aha-Effekt. Immer auf den Punkt gebracht. Immer mit klarem Mehrwert - und das jeden Tag.[CR]Willkommen im echten Leben * Smartes Alltags-Know-how, * coole Gadgets – und * Lifehacks, die dich wirklich voranbringen.</description>
		<description lang="en_GB">GALILEO delivers relevant knowledge with an aha effect. Always to the point. Always with clear added value - and every day.[CR]Welcome to real life * Smart everyday know-how, * cool gadgets - and * lifehacks that really get you ahead.</description>
		<disclaimer lang="de_DE">Die von diesem Addon dargestellten Inhalte werden von den Erstellern des Addons weder gehostet oder verbreitet, noch stehen die Ersteller in irgendeiner Beziehung zu den Anbietern des Inhalts.</disclaimer>
		<disclaimer lang="en_GB">The author does not host or distribute any of the content displayed by this addon. The author does not have any affiliation with the content providers.</disclaimer>
		<language></language>
		<platform>all</platform>
		<license>GNU GENERAL PUBLIC LICENSE. Version 3, June 2007</license>
		<forum>https://www.kodinerds.net/thread/55451-l0res-blog-realvitos-fixing-thread/</forum>
		<website>https://www.prosieben.de/</website>
		<email></email>
		<mainsource>https://github.com/Collabsvito/REpo-AiO/</mainsource>
		<source>https://github.com/Collabsvito/REpo-AiO/tree/master/MATRIX/plugin.video.galileo.tv</source>
		<assets>
			<icon>resources/media/icon.png</icon>
			<fanart>resources/media/fanart.jpg</fanart>
		</assets>
		<news>
[B][COLOR orangered]Version 2.0.1+matrix.1  (25.02.2024)[/COLOR][/B]
xxxxxxxxxxxxxxxxxxxxxxxxxxxxxxxxxxxxxxxxxxxxxxxxxxxxxxxxxxxxxxxxxxxxxxxxxxxxxxxxxxxxx
- Re-Release @realvito // Nach Abschaltung der offiziellen Webseite von 'Galileo.tv'
xxxxxxxxxxxxxxxxxxxxxxxxxxxxxxxxxxxxxxxxxxxxxxxxxxxxxxxxxxxxxxxxxxxxxxxxxxxxxxxxxxxxx
- added: Alle Rubriken der Startseite in der Übersicht (Browservariante von ProSieben [Galileo])
- added: Hauptrubriken der Unterordner besonders hervorgehoben
- comment: * Addon jetzt angepasst an die Webseite von ProSieben (Galileo), für die einwandfreie Funktion dieses Addons wird das 'plugin.video.joyn' und das 'plugin.video.youtube' benötigt (Manche Streams werden direkt zu JOYN oder YOUTUBE weitergeleitet) !!! *
		</news>
	</extension>
</addon>
