﻿<?xml version="1.0" encoding="utf-8" standalone="yes"?>
<addon id="plugin.video.netzkino_de" name="Netzkino [COLOR FF00EE00](light)[/COLOR]" version="3.0.8+matrix.1" provider-name="realvito">
	<requires>
		<import addon="xbmc.python" version="3.0.0"/>
		<import addon="script.module.requests" version="2.27.0"/>
	</requires>
	<extension point="xbmc.python.pluginsource" library="default.py">
		<provides>video</provides>
	</extension>
	<extension point="xbmc.addon.metadata">
		<summary lang="de_DE">Videoportal von Netzkino</summary>
		<summary lang="en_GB">Videoportal of Netzkino</summary>
		<description lang="de_DE">Mit Netzkino legal und kostenlos Spielfilme, Movies, ganze Filme online schauen.[CR]Netzkino bietet nur Gratis-Spielfilme, die lizenzrechtlich geklärt und von den Rechteinhabern ordnungsgemäß erworben wurden.[CR][CR][COLOR FF00EE00]Dieses Addon stellt nur den FREI verfügbaren Inhalt von 'netzkino.de' zur Verfügung ![/COLOR]</description>
		<description lang="en_GB">Watch feature films, movies and entire films online legally and free of charge with Netzkino.[CR]Netzkino only offers free feature films that have been cleared under licensing law and properly acquired from the rights holders.[CR][CR][COLOR FF00EE00]This Addon provides only the FREE available content of 'netzkino.de' ![/COLOR]</description>
		<disclaimer lang="de_DE">Die von diesem Addon dargestellten Inhalte werden von den Erstellern des Addons weder gehostet oder verbreitet, noch stehen die Ersteller in irgendeiner Beziehung zu den Anbietern des Inhalts.</disclaimer>
		<disclaimer lang="en_GB">The content displayed by this Addon is not hosted or distributed by the creators of the Addon, nor do the creators have any affiliation with the providers of the content.</disclaimer>
		<language></language>
		<platform>all</platform>
		<license>GNU GENERAL PUBLIC LICENSE. Version 3, June 2007</license>
		<forum>https://www.kodinerds.net/thread/55451-l0res-blog-realvitos-fixing-thread/</forum>
		<website>https://www.netzkino.de/</website>
		<email></email>
		<mainsource>https://github.com/Collabsvito/REpo-AiO/</mainsource>
		<source>https://github.com/Collabsvito/REpo-AiO/tree/master/MATRIX/plugin.video.netzkino_de</source>
		<assets>
			<icon>resources/media/icon.png</icon>
			<fanart>resources/media/fanart.jpg</fanart>
		</assets>
		<news>
[B][COLOR orangered]Version 3.0.8+matrix.1  (22.06.2025)[/COLOR][/B]
- added: Rubrik = Featured by Netzkino
- removed: Rubrik = Exklusiv bei Netzkino und Empfehlungen der Woche (keine Inhalte mehr in der alten API)
- optimized: Häufig fehlen Poster und Laufzeitangaben in der API, daher werden diese jetzt von 'IMDb' geladen (Voreinstellung aktiviert - settings)
- comment: * Durch Veränderung der 'Watchlist' Parameter sind alte Einträge nicht mehr kompatibel und werden beim ersten Start des Addons gelöscht ! *
		</news>
	</extension>
</addon>
