﻿<?xml version="1.0" encoding="utf-8" standalone="yes"?>
<addon id="plugin.video.kika_de" name="KiKA plus" version="3.3.5+matrix.1" provider-name="realvito">
	<requires>
		<import addon="xbmc.python" version="3.0.0"/>
		<import addon="script.module.requests" version="2.22.0+matrix.1"/>
	</requires>
	<extension point="xbmc.python.pluginsource" library="default.py">
		<provides>video</provides>
	</extension>
	<extension point="xbmc.addon.metadata">
		<summary lang="de_DE">KIKA Mediathek</summary>
		<summary lang="en_GB">KIKA media library</summary>
		<description lang="de_DE">KiKA - der Kinderkanal von ARD und ZDF.</description>
		<description lang="en_GB">KiKA - the kids channel from ARD and ZDF.</description>
		<disclaimer lang="de_DE">Die von diesem Addon dargestellten Inhalte werden von den Erstellern des Addons weder gehostet oder verbreitet, noch stehen die Ersteller in irgendeiner Beziehung zu den Anbietern des Inhalts.</disclaimer>
		<disclaimer lang="en_GB">The author does not host or distribute any of the content displayed by this addon. The author does not have any affiliation with the content providers.</disclaimer>
		<language></language>
		<platform>all</platform>
		<license>GNU GENERAL PUBLIC LICENSE. Version 3, June 2007</license>
		<forum>https://www.kodinerds.net/index.php/Thread/55451-L0REs-Blog/</forum>
		<website>https://www.kika.de</website>
		<email></email>
		<source>https://repo.kodinerds.net/addons/matrix/zip/plugin.video.kika_de</source>
		<assets>
			<icon>resources/media/icon.png</icon>
			<fanart>resources/media/fanart.jpg</fanart>
		</assets>
		<news>[B][COLOR orangered]Version 3.3.4+matrix.1+3.3.5+matrix.1  (08.06.2020)[/COLOR][/B] by realvito[CR]
- fixed: Bei manchen Episoden/Filmen wird keine Laufzeit angezeigt - obwohl vorhanden
- fixed: In der Rubrik = Meistgesehene Videos werden teilweise alle Serien angesteuert beim Abspielen (wenn kein Episodename vorhanden ist - z.B. 'Die WG - Zusammen mit Abstand')
- fixed: In manchen KODI-Skins werden keine Titel angezeigt
		</news>
	</extension>
</addon>