﻿<?xml version="1.0" encoding="utf-8" standalone="yes"?>
<addon id="plugin.video.tvspielfilm_de" name="TV Spielfilm - MediathekenTipps" version="1.3.2" provider-name="realvito">
	<requires>
		<import addon="xbmc.python" version="2.26.0"/>
		<import addon="plugin.video.tyl0re.arte" optional="true"/>
		<import addon="plugin.video.arteplussept" optional="true"/>
		<import addon="plugin.video.rtlgroup.de" optional="true"/>
	</requires>
	<extension point="xbmc.python.pluginsource" library="default.py">
		<provides>video</provides>
	</extension>
	<extension point="xbmc.addon.metadata">
		<summary lang="de_DE">Das Beste aus TV-Spielfilm</summary>
		<summary lang="en_GB">The best from TV-Spielfilm</summary>
		<description lang="de_DE">Das Beste aus deutschen Mediatheken, ausgewählt und zusammengestellt von der Zeitschrift TV-Spielfilm (www.tvspielfilm.de).[CR][CR]Für mehr Informationen zu allen Neuerungen siehe - CHANGELOG.[CR]     HAVE FUN</description>
		<description lang="en_GB">The best from german Mediatheken, selected and compiled by the magazine TV-Spielfilm (www.tvspielfilm.de).[CR][CR]For more information about all new features see - CHANGELOG.[CR]     HAVE FUN</description>
		<disclaimer lang="de_DE">Die von diesem Addon dargestellten Inhalte werden von den Erstellern des Addons weder gehostet oder verbreitet, noch stehen die Ersteller in irgendeiner Beziehung zu den Anbietern des Inhalts.</disclaimer>
		<disclaimer lang="en_GB">The author does not host or distribute any of the content displayed by this addon. The author does not have any affiliation with the content providers.</disclaimer>
		<language></language>
		<platform>all</platform>
		<license>GNU GENERAL PUBLIC LICENSE. Version 3, June 2007</license>
		<forum>https://www.kodinerds.net/index.php/Thread/53329-RERELEASE-TVTODAY/</forum>
		<website>https://www.tvspielfilm.de/mediathek/</website>
		<email></email>
		<mainsource>https://github.com/Collabsvito/REpo-AiO/</mainsource>
		<source>https://github.com/Collabsvito/REpo-AiO/tree/master/KRYPTON_LEIA/plugin.video.tvspielfilm_de</source>
		<assets>
			<icon>icon.png</icon>
			<fanart>fanart.jpg</fanart>
		</assets>
		<news>[B][COLOR orangered]Version 1.3.2  (05.11.2021)[/COLOR][/B][CR]
- optimized: Codeanpassungen für die Wiedergabe von TVNOW-Links (plugin.video.rtlgroup.de)
		</news>
	</extension>
</addon>
