﻿<?xml version="1.0" encoding="utf-8" standalone="yes"?>
<addon id="plugin.video.myspass_de" name="MySpass" version="4.0.7+matrix.1" provider-name="L0RE, realvito">
	<requires>
		<import addon="xbmc.python" version="3.0.0"/>
	</requires>
	<extension point="xbmc.python.pluginsource" library="default.py">
		<provides>video</provides>
	</extension>
	<extension point="xbmc.addon.metadata">
		<summary lang="de_DE">MySpass Mediathek</summary>
		<summary lang="en_GB">MySpass media library</summary>
		<description lang="de_DE">Egal ob aktuelle TV Shows wie die Faisal Kawusi Show, LUKE ! Die Woche und ich, PussyTerror TV oder Schlag den Star, ob Kult-TV-Serien wie Ladykracher, Pastewka oder Stromberg - MYSPASS hat es für Dich auf Lager !</description>
		<description lang="en_GB">No matter if current TV shows like the Faisal Kawusi Show, LUKE ! Die Woche und ich, PussyTerror TV or Schlag den Star, whether cult TV series like Ladykracher, Pastewka or Stromberg - MYSPASS has it in stock for you !</description>
		<disclaimer lang="de_DE">Die von diesem Addon dargestellten Inhalte werden von den Erstellern des Addons weder gehostet oder verbreitet, noch stehen die Ersteller in irgendeiner Beziehung zu den Anbietern des Inhalts.</disclaimer>
		<disclaimer lang="en_GB">The author does not host or distribute any of the content displayed by this addon. The author does not have any affiliation with the content providers.</disclaimer>
		<language></language>
		<platform>all</platform>
		<license>GNU GENERAL PUBLIC LICENSE. Version 3, June 2007</license>
		<forum>https://www.kodinerds.net/index.php/Thread/55451-L0REs-Blog/</forum>
		<website>https://www.myspass.de</website>
		<email></email>
		<source>https://repo.kodinerds.net/addons/matrix/zip/plugin.video.myspass_de</source>
		<assets>
			<icon>resources/media/icon.png</icon>
			<fanart>resources/media/fanart.jpg</fanart>
		</assets>
		<news>[B][COLOR orangered]Version 4.0.7+matrix.1  (12.09.2020)[/COLOR][/B] by realvito[CR]
- removed: Webseiten-Cache entfernt da sonst häufig die Zuordnung der Videos nicht mehr funktioniert (CCurlFile::Open failed with code 404)
------------------------------------------------------------------------------------------------------------------------------------
[B][COLOR orangered]Version 4.0.6+matrix.1  (11.09.2020)[/COLOR][/B] by realvito[CR]
- optimized: Episoden in der Rubrik 'Channels' werden jetzt einzeln gelistet und sind auswählbar (vorher Playliste)
------------------------------------------------------------------------------------------------------------------------------------
[B][COLOR orangered]Version 4.0.5+matrix.1  (10.09.2020)[/COLOR][/B] by realvito[CR]
- Komplette Neuauflage des MYSPASS-Addons nach Webseitenerneuerung (New Initial Release)
- fixed: Es werden nicht mehr als 100 Episoden einer Show angezeigt
- added: Viele neue Rubriken in der Startübersicht
- added: Eigene Addon-Favoriten anlegen/speichern
		</news>
	</extension>
</addon>
