﻿<?xml version="1.0" encoding="utf-8" standalone="yes"?>
<addon id="plugin.video.weltderwunder" name="Welt der Wunder [COLOR FF00EE00](neu)[/COLOR]" version="3.0.1" provider-name="realvito">
	<requires>
		<import addon="xbmc.python" version="2.26.0"/>
		<import addon="plugin.video.youtube" version="6.5.0"/>
	</requires>
	<extension point="xbmc.python.pluginsource" library="default.py">
		<provides>video</provides>
	</extension>
	<extension point="xbmc.addon.metadata">
		<summary lang="de_DE">Welt der Wunder auf YOUTUBE</summary>
		<summary lang="en_GB">Welt der Wunder on YOUTUBE</summary>
		<description lang="de_DE">Jeden Tag, rund um die Uhr bietet Welt der Wunder seit 1996 Interessantes aus der Welt der Wissenschaft, dem Tierreich und der Technik. Aber auch Fragen aus dem Alltag werden behandelt.</description>
		<description lang="en_GB">Every day, around the clock, Welt der Wunder has been offering interesting facts from the world of science, the animal kingdom and technology since 1996. But questions from everyday life are also dealt with.</description>
		<disclaimer lang="de_DE">Die von diesem Addon dargestellten Inhalte werden von den Erstellern des Addons weder gehostet oder verbreitet, noch stehen die Ersteller in irgendeiner Beziehung zu den Anbietern des Inhalts.</disclaimer>
		<disclaimer lang="en_GB">The author does not host or distribute any of the content displayed by this addon. The author does not have any affiliation with the content providers.</disclaimer>
		<language></language>
		<platform>all</platform>
		<license>GNU GENERAL PUBLIC LICENSE. Version 3, June 2007</license>
		<forum>https://www.kodinerds.net/index.php/Thread/55451-L0REs-Blog/</forum>
		<website>https://www.weltderwunder.de</website>
		<email></email>
		<mainsource>https://github.com/Collabsvito/REpo-AiO/</mainsource>
		<source>https://github.com/Collabsvito/REpo-AiO/tree/master/KRYPTON_LEIA/plugin.video.weltderwunder</source>
		<assets>
			<icon>icon.png</icon>
			<fanart>fanart.jpg</fanart>
		</assets>
		<news>[B][COLOR orangered]Version 3.0.1  (17.03.2022)[/COLOR][/B] by realvito[CR]
- Pluginname changed with this ReRelease (old=plugin.video.tyl0re.weltderwunder -> new=plugin.video.weltderwunder)
- Komplette Neuauflage des Welt der Wunder-Addons nach Webseitenerneuerung (ReRelease)
- removed: Alle Rubriken der Webseite, da kaum noch Videos vorhanden sind
- added: Diverse Rubriken der Youtube-Seite überarbeitet und diese als Startansicht festgelegt (da die WdW-Mediathek komplett zu Youtube ausgelagert wurde)
		</news>
	</extension>
</addon>