﻿<?xml version="1.0" encoding="utf-8" standalone="yes"?>
<addon id="service.cron.autobiblio" name="Crontab für andere Addons" version="2.1.3+matrix.1" provider-name="realvito">
	<requires>
		<import addon="xbmc.python" version="3.0.0"/>
	</requires>
	<extension point="xbmc.python.pluginsource" library="default.py">
		<provides>executable</provides>
	</extension>
	<extension point="xbmc.service" library="service.py"/>
	<extension point="xbmc.addon.metadata">
		<summary lang="de_DE">Crontab - Aktionssteuerung</summary>
		<summary lang="en_GB">Crontab - Action control</summary>
		<description lang="de_DE">Ein Service um regelmäßig (Stunden/Tage) gespeicherte Aktionen (z.B. Aktualisierung der Addon-Medienbibliothek) in anderen Plugins aufzurufen.</description>
		<description lang="en_GB">A service to call regular (hours/days) stored actions (e.g. update the addon media library) in other plugins.</description>
		<disclaimer lang="de_DE">Die von diesem Addon dargestellten Inhalte werden von den Erstellern des Addons weder gehostet oder verbreitet, noch stehen die Ersteller in irgendeiner Beziehung zu den Anbietern des Inhalts.</disclaimer>
		<disclaimer lang="en_GB">The content displayed by this Addon is not hosted or distributed by the creators of the Addon, nor do the creators have any affiliation with the providers of the content.</disclaimer>
		<language></language>
		<platform>all</platform>
		<license>GNU GENERAL PUBLIC LICENSE. Version 3, June 2007</license>
		<forum>https://www.kodinerds.net/thread/55451-l0res-blog-realvitos-fixing-thread/</forum>
		<website></website>
		<email></email>
		<mainsource>https://github.com/Collabsvito/REpo-AiO/</mainsource>
		<source>https://github.com/Collabsvito/REpo-AiO/tree/master/MATRIX/service.cron.autobiblio</source>
		<assets>
			<icon>resources/icon.png</icon>
		</assets>
		<news>
[B][COLOR orangered]Version 2.1.3+matrix.1  (26.05.2024)[/COLOR][/B]
- fixed: Serien/Shows/Filme mit '&amp;' im Titel (z.B. Berlin Tag &amp; Nacht) werden bei der Ordner-Ablage mit dem 'service.cron.autobiblio' in der Kodi-Bibliothek nur mit verkürztem Titel gespeichert (in der Datenbank vom 'service.cron.autobiblio' aber korrekt)
- fixed: Einige Serien/Shows die mit dem 'service.cron.autobiblio' in der Kodi-Bibliothek gespeichert wurden, werden im 'service.cron.autobiblio' nicht in der Übersicht angezeigt
- added: Sicherheitsmaßnahme = Popup-Meldung um den ausgewählten Löschvorgang zu bestätigen
- added: Plot als zusätzliche Übersicht
- optimized: Code restructuring
- comment: * Es wird empfohlen die nächste Auffrischung der mit dem 'service.cron.autobiblio' gespeicherten Sendungen in der Kodi-Bibliothek abzuwarten, um danach evtl. durch die Codeveränderungen des 'service.cron.autobiblio' entstandene doppelte Ordner (erkennbar durch abgehackte Titel) von Hand auf dem Betriebssystem zu löschen !!! *
- comment: * Oder wer eine neue fehlerfreie Kodi-Bibliothek bevorzugt, kann die Datenbank des 'service.cron.autobiblio' über die 'settings' und danach die gespeicherten Ordner von Hand auf dem Betriebssystem löschen !!! *
		</news>
	</extension>
</addon>
