﻿<?xml version="1.0" encoding="utf-8" standalone="yes"?>
<addon id="plugin.video.aod" name="Anime on Demand" version="2.0.0+matrix.1" provider-name="L0RE, realvito">
	<requires>
		<import addon="xbmc.python" version="3.0.0"/>
		<import addon="script.module.requests" version="2.22.0+matrix.1"/>
		<import addon="script.module.pyxbmct" version="1.3.1+matrix.1"/>
	</requires>
	<extension point="xbmc.python.pluginsource" library="default.py">
		<provides>video</provides>
	</extension>
	<extension point="xbmc.service" library="service.py"/>
	<extension point="xbmc.addon.metadata">
		<summary lang="de_DE">Videos von 'Anime on Demand'</summary>
		<summary lang="en_GB">Videos of 'Anime on Demand'</summary>
		<description lang="de_DE">[COLOR red]- Die Webseite wurde leider abgeschaltet.[CR]- Addon-Support eingestellt ![/COLOR][CR]- Neuer Anbieter: https://www.crunchyroll.com/de .[CR]- Neues Addon: https://github.com/MrKrabat/plugin.video.crunchyroll</description>
		<description lang="en_GB">[COLOR red]- The website has unfortunately been shut down.[CR]- Addon support discontinued ![/COLOR][CR]- New Provider: https://www.crunchyroll.com/de .[CR]- New Addon: https://github.com/MrKrabat/plugin.video.crunchyroll</description>
		<disclaimer lang="de_DE">Die von diesem Addon dargestellten Inhalte werden von den Erstellern des Addons weder gehostet oder verbreitet, noch stehen die Ersteller in irgendeiner Beziehung zu den Anbietern des Inhalts.</disclaimer>
		<disclaimer lang="en_GB">The author does not host or distribute any of the content displayed by this addon. The author does not have any affiliation with the content providers.</disclaimer>
		<language>de</language>
		<platform>all</platform>
		<license>GNU GENERAL PUBLIC LICENSE. Version 3, June 2007</license>
		<forum>https://www.kodinerds.net/index.php/Thread/60780-Release-Crunchyroll-Rewrite-from-scratch/</forum>
		<website>https://www.anime-on-demand.de/crunchyroll</website>
		<email></email>
		<mainsource>https://github.com/Collabsvito/REpo-AiO/</mainsource>
		<source></source>
		<assets>
			<icon>resources/media/icon.png</icon>
			<fanart>resources/media/fanart.jpg</fanart>
		</assets>
		<broken>
- Die Webseite wurde leider abgeschaltet.[CR]- Addon-Support eingestellt ![CR]- Neuer Anbieter: https://www.crunchyroll.com/de .[CR]- Neues Addon: https://github.com/MrKrabat/plugin.video.crunchyroll
		</broken>
		<news>[B][COLOR orangered]Version 2.0.0  (08.12.2021)[/COLOR][/B] by realvito[CR]
- Die Webseite wurde leider abgeschaltet.[CR]- Addon-Support eingestellt ![CR]- Neuer Anbieter: https://www.crunchyroll.com/de .[CR]- Neues Addon: https://github.com/MrKrabat/plugin.video.crunchyroll
		</news>
	</extension>
</addon>
