﻿<?xml version="1.0" encoding="utf-8" standalone="yes"?>
<addon id="plugin.video.netzkino_de" name="Netzkino [COLOR FF00EE00](light)[/COLOR]" version="3.0.1" provider-name="realvito">
	<requires>
		<import addon="xbmc.python" version="2.25.0"/>
		<import addon="script.module.requests" version="2.20.0"/>
	</requires>
	<extension point="xbmc.python.pluginsource" library="default.py">
		<provides>video</provides>
	</extension>
	<extension point="xbmc.addon.metadata">
		<summary lang="de_DE">Videoportal von Netzkino</summary>
		<summary lang="en_GB">Videoportal of Netzkino</summary>
		<description lang="de_DE">Mit Netzkino legal und kostenlos Spielfilme, Movies, ganze Filme online schauen.[CR]Netzkino bietet nur Gratis-Spielfilme, die lizenzrechtlich geklärt und von den Rechteinhabern ordnungsgemäß erworben wurden.[CR][CR][COLOR FF00EE00]Dieses Addon stellt nur den FREI verfügbaren Inhalt von 'netzkino.de' zur Verfügung ![/COLOR]</description>
		<description lang="en_GB">Watch feature films, movies and entire films online legally and free of charge with Netzkino.[CR]Netzkino only offers free feature films that have been cleared under licensing law and properly acquired from the rights holders.[CR][CR][COLOR FF00EE00]This Addon provides only the FREE available content of 'netzkino.de' ![/COLOR]</description>
		<disclaimer lang="de_DE">Die von diesem Addon dargestellten Inhalte werden von den Erstellern des Addons weder gehostet oder verbreitet, noch stehen die Ersteller in irgendeiner Beziehung zu den Anbietern des Inhalts.</disclaimer>
		<disclaimer lang="en_GB">The author does not host or distribute any of the content displayed by this addon. The author does not have any affiliation with the content providers.</disclaimer>
		<language></language>
		<platform>all</platform>
		<license>GNU GENERAL PUBLIC LICENSE. Version 3, June 2007</license>
		<forum>https://www.kodinerds.net/index.php/Thread/55451-L0REs-Blog/</forum>
		<website>https://www.netzkino.de/</website>
		<email></email>
		<source>https://repo.kodinerds.net/addons/krypton/zip/plugin.video.netzkino_de</source>
		<assets>
			<icon>icon.png</icon>
			<fanart>fanart.jpg</fanart>
		</assets>
		<news>[B][COLOR orangered]Version 3.0.1  (13.03.2021)[/COLOR][/B][CR]
- optimized: Altes Addon (2016) komplett neu aufgesetzt und Module vereinfacht
- optimized: Code cleanup
- added: Weitere Rubriken zur Auswahl hinzugefügt
- added: Videos im Format 'mp4/m3u8' oder mit 'inputstream.adaptive' abspielen (settings)
- added: Addon kompatibel mit PYTHON-Vers.3 gemacht (für KODI-19+) :-)
		</news>
	</extension>
</addon>