﻿<?xml version="1.0" encoding="utf-8" standalone="yes"?>
<addon id="service.rakuten.epgrefresh" name="Rakuten EPG-UPDATER" version="1.0.2+matrix.1" provider-name="realvito">
	<requires>
		<import addon="xbmc.python" version="3.0.0"/>
		<import addon="script.module.requests" version="2.27.0"/>
		<import addon="script.module.pytz"/>
	</requires>
	<extension point="xbmc.service" library="resources/lib/service.py"/>
	<extension point="xbmc.addon.metadata">
		<summary lang="de_DE">EPG Update - Aktionssteuerung</summary>
		<summary lang="en_GB">EPG Update - Action control</summary>
		<description lang="de_DE">[COLOR yellow]ACHTUNG: Wegen der vorausgesetzten Abhängigkeiten, ist für die korrekte Darstellung der EPG Daten unbedingt eine vom Addon:[/COLOR] ►[COLOR chartreuse]plugin.video.rakuten.de[/COLOR]◄ [COLOR yellow]erstellte '.m3u' Datei erforderlich !!![/COLOR][CR]Grabbt automatisch EPG Daten für Rakuten-IPTV der nächsten zwei Tage und erstellt eine 'rakuten_guide*.xml.gz' im benutzerdefinierten Ordner.</description>
		<description lang="en_GB">[COLOR yellow]ATTENTION: Due to the required dependencies, a '.m3u' file created by the Addon:[/COLOR] ►[COLOR chartreuse]plugin.video.rakuten.de[/COLOR]◄ [COLOR yellow]is absolutely necessary for the correct display of EPG data !!![/COLOR][CR]Grab automatic EPG data for Rakuten-IPTV of the next two days and create a 'rakuten_guide*.xml.gz' in userdefinied folder.</description>
		<disclaimer lang="de_DE">Die von diesem Addon dargestellten Inhalte werden von den Erstellern des Addons weder gehostet oder verbreitet, noch stehen die Ersteller in irgendeiner Beziehung zu den Anbietern des Inhalts.</disclaimer>
		<disclaimer lang="en_GB">The content displayed by this Addon is not hosted or distributed by the creators of the Addon, nor do the creators have any affiliation with the providers of the content.</disclaimer>
		<language></language>
		<platform>all</platform>
		<license>GNU GENERAL PUBLIC LICENSE. Version 3, June 2007</license>
		<forum>https://www.kodinerds.net/thread/55451-l0res-blog-realvitos-fixing-thread/</forum>
		<website></website>
		<email></email>
		<mainsource>https://github.com/Collabsvito/REpo-AiO/</mainsource>
		<source>https://github.com/Collabsvito/REpo-AiO/tree/master/MATRIX/service.rakuten.epgrefresh</source>
		<assets>
			<icon>resources/media/icon.png</icon>
			<fanart>resources/media/fanart.jpg</fanart>
		</assets>
		<news>
[B][COLOR orangered]Version 1.0.2+matrix.1  (02.05.2025)[/COLOR][/B]
- fixed: Datetime-Format-Umwandlung fehlerhaft (Exception im LOG)
		</news>
	</extension>
</addon>
