﻿<?xml version="1.0" encoding="utf-8" standalone="yes"?>
<addon id="plugin.video.myspass_de" name="MySpass" version="4.1.3" provider-name="realvito">
	<requires>
		<import addon="xbmc.python" version="2.25.0"/>
	</requires>
	<extension point="xbmc.python.pluginsource" library="default.py">
		<provides>video</provides>
	</extension>
	<extension point="xbmc.addon.metadata">
		<summary lang="de_DE">MySpass Mediathek</summary>
		<summary lang="en_GB">MySpass media library</summary>
		<description lang="de_DE">Egal ob aktuelle TV Shows wie die Faisal Kawusi Show, LUKE ! Die Woche und ich, PussyTerror TV oder Schlag den Star, ob Kult-TV-Serien wie Ladykracher, Pastewka oder Stromberg - MYSPASS hat es für Dich auf Lager !</description>
		<description lang="en_GB">No matter if current TV shows like the Faisal Kawusi Show, LUKE ! Die Woche und ich, PussyTerror TV or Schlag den Star, whether cult TV series like Ladykracher, Pastewka or Stromberg - MYSPASS has it in stock for you !</description>
		<disclaimer lang="de_DE">Die von diesem Addon dargestellten Inhalte werden von den Erstellern des Addons weder gehostet oder verbreitet, noch stehen die Ersteller in irgendeiner Beziehung zu den Anbietern des Inhalts.</disclaimer>
		<disclaimer lang="en_GB">The author does not host or distribute any of the content displayed by this addon. The author does not have any affiliation with the content providers.</disclaimer>
		<language></language>
		<platform>all</platform>
		<license>GNU GENERAL PUBLIC LICENSE. Version 3, June 2007</license>
		<forum>https://www.kodinerds.net/index.php/Thread/55451-L0REs-Blog/</forum>
		<website>https://www.myspass.de</website>
		<email></email>
		<mainsource>https://github.com/Collabsvito/REpo-AiO/</mainsource>
		<source>https://github.com/Collabsvito/REpo-AiO/tree/master/KRYPTON_LEIA/plugin.video.myspass_de</source>
		<assets>
			<icon>icon.png</icon>
			<fanart>fanart.jpg</fanart>
		</assets>
		<news>[B][COLOR orangered]Version 4.1.3  (07.12.2021)[/COLOR][/B][CR]
- optimized: Auslesemethode der Laufzeit von Videos
		</news>
	</extension>
</addon>
