﻿<?xml version="1.0" encoding="utf-8" standalone="yes"?>
<addon id="plugin.video.servustv_com" name="ServusTV.com" version="3.1.2+matrix.1" provider-name="realvito">
	<requires>
		<import addon="xbmc.python" version="3.0.0"/>
		<import addon="script.module.requests" version="2.27.0"/>
		<import addon="inputstream.adaptive" version="19.0.5"/>
	</requires>
	<extension point="xbmc.python.pluginsource" library="default.py">
		<provides>video</provides>
	</extension>
	<extension point="xbmc.addon.metadata">
		<summary lang="de_DE">Web-Plugin für ServusTV</summary>
		<summary lang="en_GB">Web-Plugin for ServusTV</summary>
		<description lang="de_DE">ServusTV ist ein österreichischer Privatfernsehsender.[CR]Neben einem breiten Sportprogramm erwarten Sie die bewegendsten Nachrichten, Bilder und Meinungen aus Österreich und der Welt. Wir beleuchten verschiedene Blickwinkel, lassen Experten zu Wort kommen und regen mit spannenden Talkshows zum Nachdenken an.</description>
		<description lang="en_GB">ServusTV is an Austrian private television station.[CR]In addition to a broad sports programme, you can expect the most moving news, images and opinions from Austria and the world. We shed light on different perspectives, let experts have their say and stimulate thought with exciting talk shows.</description>
		<disclaimer lang="de_DE">Die von diesem Addon dargestellten Inhalte werden von den Erstellern des Addons weder gehostet oder verbreitet, noch stehen die Ersteller in irgendeiner Beziehung zu den Anbietern des Inhalts.</disclaimer>
		<disclaimer lang="en_GB">The content displayed by this Addon is not hosted or distributed by the creators of the Addon, nor do the creators have any affiliation with the providers of the content.</disclaimer>
		<language></language>
		<platform>all</platform>
		<license>GNU GENERAL PUBLIC LICENSE. Version 3, June 2007</license>
		<forum>https://www.kodinerds.net/thread/55451-l0res-blog-realvitos-fixing-thread/</forum>
		<website>https://www.servustv.com</website>
		<email></email>
		<mainsource>https://github.com/Collabsvito/REpo-AiO/</mainsource>
		<source>https://github.com/Collabsvito/REpo-AiO/tree/master/MATRIX/plugin.video.servustv_com</source>
		<assets>
			<icon>resources/media/icon.png</icon>
			<fanart>resources/media/fanart.jpg</fanart>
		</assets>
		<news>
[B][COLOR orangered]Version 3.1.2+matrix.1  (14.12.2025)[/COLOR][/B]
- fixed: Live- und TV-Kanäle werden in den Unterordnern nicht ausgeblendet
- fixed: Häufig auftretender Fehler beim öffnen der Rubrik = 'ServusTV - TV Kanäle' (IndexError: list index out of range)
- optimized: EPG für 'ServusTV - TV Kanäle' - neue Guide-Url und bessere Verarbeitungsstruktur der ausgelesenen Daten
		</news>
	</extension>
</addon>
