﻿<?xml version="1.0" encoding="utf-8" standalone="yes"?>
<addon id="plugin.video.aod" name="Anime on Demand" version="1.0.3+matrix.1" provider-name="L0RE, realvito">
	<requires>
		<import addon="xbmc.python" version="3.0.0"/>
		<import addon="script.module.requests" version="2.22.0+matrix.1"/>
		<import addon="script.module.pyxbmct" version="1.3.1+matrix.1"/>
	</requires>
	<extension point="xbmc.python.pluginsource" library="default.py">
		<provides>video</provides>
	</extension>
	<extension point="xbmc.service" library="service.py"/>
	<extension point="xbmc.addon.metadata">
		<summary lang="de_DE">Videos von 'Anime on Demand'</summary>
		<summary lang="en_GB">Videos of 'Anime on Demand'</summary>
		<description lang="de_DE">[B][COLOR orangered]Bei Startproblemen des Addons unter KODI-MATRIX:[CR]Gehe auf das Addon -> Rechtsklick: Informationen -> Klick: Abhängigkeiten -> und von dort die NICHT installierten SCRIPTE/ADDONS installieren !!![/COLOR][/B][CR]Egal ob Action, Horror, Fantasy, Romance oder Ecchi, über 5.000 Anime-Episoden &amp; -Filme mit dt. Dub oder Sub gibt's legal bei Anime on Demand. Alle News zu neuen Anime-Serien und -Filmen günstig im Abo in bester Videoqualität.[CR][COLOR orangered]Ein Pay-Account wird benötigt !!![/COLOR][CR]Ausgewählt und zusammengestellt von Anime on Demand (AoD).</description>
		<description lang="en_GB">[B][COLOR orangered]If you have problems starting the Addon under KODI-MATRIX:[CR]Go to the Addon -> Right click: Informations -> Click: Dependencies -> and from there install the NOT installed SCRIPTE/ADDONS !!![/COLOR][/B][CR]Whether Action, Horror, Fantasy, Romance or Ecchi, over 5,000 Anime Episodes &amp; -Movies with German Dub or Sub are legal at Anime on Demand. All news about new Anime-Series and -Movies at a low price with the best video quality.[CR][COLOR orangered]A Pay-Account is required !!![/COLOR][CR]Selected and compiled by Anime on Demand (AoD).</description>
		<disclaimer lang="de_DE">Die von diesem Addon dargestellten Inhalte werden von den Erstellern des Addons weder gehostet oder verbreitet, noch stehen die Ersteller in irgendeiner Beziehung zu den Anbietern des Inhalts.</disclaimer>
		<disclaimer lang="en_GB">The author does not host or distribute any of the content displayed by this addon. The author does not have any affiliation with the content providers.</disclaimer>
		<language>de</language>
		<platform>all</platform>
		<license>GNU GENERAL PUBLIC LICENSE. Version 3, June 2007</license>
		<forum>https://www.kodinerds.net/index.php/Thread/55451-L0REs-Blog/</forum>
		<website>https://www.anime-on-demand.de/</website>
		<email></email>
		<source>https://repo.kodinerds.net/addons/matrix/zip/plugin.video.aod</source>
		<assets>
			<icon>resources/media/icon.png</icon>
			<fanart>resources/media/fanart.jpg</fanart>
		</assets>
		<news>[B][COLOR orangered]Version 1.0.3+matrix.1  (07.06.2020)[/COLOR][/B] by realvito[CR]
[B][COLOR orangered]Bei Startproblemen des Addons unter KODI-MATRIX:[CR]Gehe auf das Addon -> Rechtsklick: Informationen -> Klick: Abhängigkeiten -> und von dort die NICHT installierten SCRIPTE/ADDONS installieren !!![/COLOR][/B]
- fixed: Überbleibsel von vorigen Reparaturen - Debug LOGGING des Addons läuft im Dauerbetrieb
		</news>
	</extension>
</addon>