﻿<?xml version="1.0" encoding="utf-8" standalone="yes"?>
<addon id="repository.collabsvito.1718" name="Collabsvito only KRYPTON-/LEIA-REPO" version="1.0.18+krypton" provider-name="Collabsvito">
	<requires>
		<import addon="xbmc.addon" version="12.0.0"/>
	</requires>
	<extension point="xbmc.addon.repository" name="Collabsvito Repository">
		<dir>
			<info compressed="false">https://raw.githubusercontent.com/Collabsvito/REpo-AiO/master/REPOSITORIES/addons.xml</info>
			<checksum>https://raw.githubusercontent.com/Collabsvito/REpo-AiO/master/REPOSITORIES/addons.xml.md5</checksum>
			<datadir zip="true">https://raw.githubusercontent.com/Collabsvito/REpo-AiO/master/REPOSITORIES/</datadir>
			<hashes>false</hashes>
		</dir>
		<dir>
			<info compressed="false">https://raw.githubusercontent.com/Collabsvito/REpo-AiO/master/KRYPTON_LEIA/addons.xml</info>
			<checksum>https://raw.githubusercontent.com/Collabsvito/REpo-AiO/master/KRYPTON_LEIA/addons.xml.md5</checksum>
			<datadir zip="true">https://raw.githubusercontent.com/Collabsvito/REpo-AiO/master/KRYPTON_LEIA/</datadir>
			<hashes>false</hashes>
		</dir>
	</extension>
	<extension point="xbmc.addon.metadata">
		<summary>Some nice ADDONS created by @Collabsvito</summary>
		<description>[COLOR chartreuse]- Für User, die nur die Anzeige und das Installieren der Krypton-/Leia-Addons aus meiner REPO bevorzugen ! -[/COLOR][CR][CR]Download And Install Addons Developed By Collabsvito.[CR]These Addons Should Not Missed And New Fans Are Welcome...</description>
		<disclaimer>The owner and submitters to this repository do not host or distribute any of the content displayed by these addons nor do they have any affiliation with the content providers.</disclaimer>
		<platform>all</platform>
		<assets>
			<icon>icon.png</icon>
			<fanart>fanart.jpg</fanart>
		</assets>
		<news>[B][COLOR orangered]Version 1.0.18+krypton  (12.09.2020)[/COLOR][/B][CR]
- Initial release
[COLOR chartreuse]- Für User, die nur die Anzeige und das Installieren der Krypton-/Leia-Addons aus meiner REPO bevorzugen ! -[/COLOR]
		</news>
	</extension>
</addon>
