﻿<?xml version="1.0" encoding="utf-8" standalone="yes"?>
<addon id="plugin.video.filmstarts" name="FILMSTARTS.de" version="1.0.7" provider-name="realvito">
	<requires>
		<import addon="xbmc.python" version="2.26.0"/>
		<import addon="plugin.video.youtube" version="6.5.0"/>
	</requires>
	<extension point="xbmc.python.pluginsource" library="default.py">
		<provides>video</provides>
	</extension>
	<extension point="xbmc.addon.metadata">
		<summary lang="de_DE">Filme und Serien (Trailer, Making of, Teaser ...)</summary>
		<summary lang="en_GB">Movies and Series (Trailer, Making of, Teaser ...)</summary>
		<description lang="de_DE">FILMSTARTS.de ist das führende Online-Magazin rund um das Medium Film. In der FILMSTARTS-Datenbank befinden sich mittlerweile Informationen zu mehr als 70.000 Filmen und Einträge zu über 5.000 TV-Serien, dazu sind viele Trailer sofort verfügbar.[CR]FILMSTARTS.de wurde 2002 durch den Journalisten Carsten Baumgardt und den Programmierer Tobias Leckeband als Portal für die Freunde des guten Films gegründet und gehört heute zu den ersten Adressen unter den Online-Magazinen für Filminteressierte.</description>
		<description lang="en_GB">FILMSTARTS.de is the leading Online-Magazine for the medium of film. The FILMSTARTS-Database now contains information on more than 70.000 films and entries on over 5.000 TV-Series, plus many trailers are available immediately.[CR]FILMSTARTS.de was founded in 2002 by journalist Carsten Baumgardt and Programmer Tobias Leckeband as a portal for friends of good film and is now one of the top addresses among Online-Magazines for film fans.</description>
		<disclaimer lang="de_DE">Die von diesem Addon dargestellten Inhalte werden von den Erstellern des Addons weder gehostet oder verbreitet, noch stehen die Ersteller in irgendeiner Beziehung zu den Anbietern des Inhalts.</disclaimer>
		<disclaimer lang="en_GB">The author does not host or distribute any of the content displayed by this addon. The author does not have any affiliation with the content providers.</disclaimer>
		<language></language>
		<platform>all</platform>
		<license>GNU GENERAL PUBLIC LICENSE. Version 3, June 2007</license>
		<forum>https://www.kodinerds.net/index.php/Thread/53743-RERelease-filmstarts/</forum>
		<website>https://www.filmstarts.de</website>
		<email></email>
		<mainsource>https://github.com/Collabsvito/REpo-AiO/</mainsource>
		<source>https://github.com/Collabsvito/REpo-AiO/tree/master/KRYPTON_LEIA/plugin.video.filmstarts</source>
		<assets>
			<icon>icon.png</icon>
			<fanart>fanart.jpg</fanart>
		</assets>
		<news>[B][COLOR orangered]Version 1.0.7  (09.07.2021)[/COLOR][/B][CR]
- fixed: Häufig lassen sich die vorhandenen Trailer nicht abspielen (Webseite verändert)
- optimized: Videoqualität durch Testverfahren verbessert
- optimized: Code komplett eingeschrumpft, unnötige Passagen und Exceptions entfernt
		</news>
	</extension>
</addon>
