﻿<?xml version="1.0" encoding="utf-8" standalone="yes"?>
<addon id="plugin.video.fernsehkritik_tv" name="Massengeschmack [COLOR FF00EE00](light)[/COLOR]" version="2.2.6+matrix.1" provider-name="realvito">
	<requires>
		<import addon="xbmc.python" version="3.0.0"/>
		<import addon="script.module.requests" version="2.22.0+matrix.1"/>
		<import addon="plugin.video.youtube" version="6.8.1+matrix.1" optional="true"/>
	</requires>
	<extension point="xbmc.python.pluginsource" library="default.py">
		<provides>video</provides>
	</extension>
	<extension point="xbmc.addon.metadata">
		<summary lang="de_DE">Das satirisch-kritische TV Magazin</summary>
		<summary lang="en_GB">The satirical-critical TV Magazin</summary>
		<description lang="de_DE">Am 5. August 2013 startete Massengeschmack mit den Magazinen Fernsehkritik-TV, Pantoffelkino (als Pantoffel-TV) und Pressesch(l)au. Fernsehkritik-TV und die neuen Formate wurden mit Start von Massengeschmack in dem neu gemieteten Alsterfilm-Studio in Hamburg-Wandsbek produziert.[CR][CR][COLOR FF00EE00]Dieses Addon stellt nur den FREI verfügbaren Inhalt von 'massengeschmack.tv' zur Verfügung ![/COLOR]</description>
		<description lang="en_GB">On August 5, 2013 Massengeschmack started with the magazines Fernsehkritik-TV, Pantoffelkino (as Pantoffel-TV) and Pressesch(l)au. Fernsehkritik-TV and the new formats were produced with the start of Massengeschmack in the newly rented Alsterfilm-Studio in Hamburg-Wandsbek.[CR][CR][COLOR FF00EE00]This Addon provides only the FREE available content of 'massengeschmack.tv' ![/COLOR]</description>
		<disclaimer lang="de_DE">Die von diesem Addon dargestellten Inhalte werden von den Erstellern des Addons weder gehostet oder verbreitet, noch stehen die Ersteller in irgendeiner Beziehung zu den Anbietern des Inhalts.</disclaimer>
		<disclaimer lang="en_GB">The author does not host or distribute any of the content displayed by this addon. The author does not have any affiliation with the content providers.</disclaimer>
		<language></language>
		<platform>all</platform>
		<license>GNU GENERAL PUBLIC LICENSE. Version 3, June 2007</license>
		<forum>https://www.kodinerds.net/index.php/Thread/55451-L0REs-Blog/</forum>
		<website>https://massengeschmack.tv</website>
		<email></email>
		<mainsource>https://github.com/Collabsvito/REpo-AiO/</mainsource>
		<source>https://github.com/Collabsvito/REpo-AiO/tree/master/MATRIX/plugin.video.fernsehkritik_tv</source>
		<assets>
			<icon>resources/media/icon.png</icon>
			<fanart>resources/media/fanart.jpg</fanart>
		</assets>
		<news>
[B][COLOR orangered]Version 2.2.6+matrix.1  (11.03.2023)[/COLOR][/B]
- removed: Festgelegte Rubriken von 'Massengeschmack.TV' auf Youtube
- added: Dynamische Playlisten von 'Massengeschmack.TV' auf Youtube immer aktuell
- added: Anpassungen an Änderungen von KODI-Nexus
		</news>
	</extension>
</addon>
