﻿<?xml version="1.0" encoding="utf-8" standalone="yes"?>
<addon id="plugin.video.tvspielfilm_de" name="TV Spielfilm - MediathekenTipps" version="2.0.1" provider-name="realvito">
	<requires>
		<import addon="xbmc.python" version="2.26.0"/>
		<import addon="script.module.requests" version="2.20.0"/>
		<import addon="plugin.video.tyl0re.arte" optional="true"/>
		<import addon="plugin.video.rtlgroup.de" optional="true"/>
		<import addon="plugin.video.servustv_com" optional="true"/>
		<import addon="plugin.video.tele5_de" optional="true"/>
	</requires>
	<extension point="xbmc.python.pluginsource" library="default.py">
		<provides>video</provides>
	</extension>
	<extension point="xbmc.addon.metadata">
		<summary lang="de_DE">Das Beste aus TV-Spielfilm</summary>
		<summary lang="en_GB">The best from TV-Spielfilm</summary>
		<description lang="de_DE">TV SPIELFILM stellt das beste Programm aus den Mediatheken von vielen TV-Sendern sortiert und übersichtlich zur Verfügung. Neben der gezielten Senderauswahl, werden auch die Mediatheken-Tipps nach den Sparten Spielfilm, Serie, Report, Unterhaltung, Sport und Kinder angeboten (www.tvspielfilm.de).[CR][CR]     HAVE FUN</description>
		<description lang="en_GB">TV SPIELFILM provides the best programmes from the media libraries of many TV channels, sorted and clearly arranged. In addition to the targeted channel selection, the media library tips are also offered according to the categories of movies, series, report, entertainment, sport and children (www.tvspielfilm.de).[CR][CR]     HAVE FUN</description>
		<disclaimer lang="de_DE">Die von diesem Addon dargestellten Inhalte werden von den Erstellern des Addons weder gehostet oder verbreitet, noch stehen die Ersteller in irgendeiner Beziehung zu den Anbietern des Inhalts.</disclaimer>
		<disclaimer lang="en_GB">The author does not host or distribute any of the content displayed by this addon. The author does not have any affiliation with the content providers.</disclaimer>
		<language></language>
		<platform>all</platform>
		<license>GNU GENERAL PUBLIC LICENSE. Version 3, June 2007</license>
		<forum>https://www.kodinerds.net/index.php/Thread/55451-L0REs-Blog/</forum>
		<website>https://www.tvspielfilm.de/mediathek/</website>
		<email></email>
		<mainsource>https://github.com/Collabsvito/REpo-AiO/</mainsource>
		<source>https://github.com/Collabsvito/REpo-AiO/tree/master/KRYPTON_LEIA/plugin.video.tvspielfilm_de</source>
		<assets>
			<icon>icon.png</icon>
			<fanart>fanart.jpg</fanart>
		</assets>
		<news>[B][COLOR orangered]Version 2.0.1  (16.04.2022)[/COLOR][/B][CR]
- fixed: Manche RTLPLUS(TVNOW)-Links können nicht abgespielt werden
- added: Resolver zum Abspielen von: 3sat.de, phoenix.de, toggo.de, welt.de integriert
- added: Abhängigkeit "plugin.video.servustv_com" zum Abspielen von Servus.TV-Links
- added: Abhängigkeit "plugin.video.tele5_de" zum Abspielen von TELE 5-Links
- optimized: Code cleanup und Anpassungen an die neue Webseitenstruktur
- optimized: Ausführlichen/Erweiterten Plot für jedes Video laden mit neuer *asynchroner* Abfragemethode
- removed: Abhängigkeit "plugin.video.arteplussept" zum Abspielen von ARTE-Links
- comment *Das Abspielen von Links die auf die Webseite 'Joyn.de' verweisen ist z.Zt. NICHT möglich, daher werden Diese ausgeblendet !*
		</news>
	</extension>
</addon>
