﻿<?xml version="1.0" encoding="utf-8" standalone="yes"?>
<addon id="plugin.video.kika_de" name="KiKA+" version="2.0.2" provider-name="realvito">
	<requires>
		<import addon="xbmc.python" version="2.24.0"/>
	</requires>
	<extension point="xbmc.python.pluginsource" library="default.py">
		<provides>video</provides>
	</extension>
	<extension point="xbmc.addon.metadata">
		<summary lang="de_DE">KIKA Mediathek</summary>
		<summary lang="en_GB">KIKA media library</summary>
		<description lang="de_DE">KiKA - der Kinderkanal von ARD und ZDF.</description>
		<description lang="en_GB">KiKA - the kids channel from ARD and ZDF.</description>
		<disclaimer lang="de_DE">Die von diesem Addon dargestellten Inhalte werden von den Erstellern des Addons weder gehostet oder verbreitet, noch stehen die Ersteller in irgendeiner Beziehung zu den Anbietern des Inhalts.</disclaimer>
		<disclaimer lang="en_GB">The author does not host or distribute any of the content displayed by this addon. The author does not have any affiliation with the content providers.</disclaimer>
		<language></language>
		<platform>all</platform>
		<license>GNU GENERAL PUBLIC LICENSE. Version 3, June 2007</license>
		<forum>https://www.kodinerds.net/index.php/Thread/55451-L0REs-Blog/</forum>
		<website>https://www.kika.de</website>
		<email></email>
		<source>https://github.com/kodinerds/repo/tree/master/plugin.video.kika_de</source>
		<assets>
			<icon>icon.png</icon>
			<fanart>fanart.jpg</fanart>
		</assets>
		<news>[B][COLOR orangered]Version 2.0.1+2.0.2  (02.10.2019)[/COLOR][/B] by realvito[CR]
- removed : manuelle Streamauswahl (vordefiniert in den settings - sonst bestmögliche Qualität)
- optimized: Bevorzugter Videostream jetzt 'mp4' statt 'rtmp'
- added: Rubriken = Videos ab 3, 6, 10 Jahre, neue Videos (jede Rubrik abschaltbar - settings)
- added: Autom. Auflistung mehrerer Serienseiten ohne umblättern (Anzahl einstellbar - settings)
- added: Addon kompatibel mit PYTHON-Vers.3 gemacht (für KODI-19+) :-)
- fixed: Mehrere nachträglich aufgetretene Encoding- und sonstige Errors
		</news>
	</extension>
</addon>