﻿<?xml version="1.0" encoding="utf-8" standalone="yes"?>
<addon id="plugin.video.rtlgroup.de" name="RTLPLUS - V.3" version="1.0.1" provider-name="realvito">
	<requires>
		<import addon="xbmc.python" version="2.26.0"/>
		<import addon="script.module.requests" version="2.20.0"/>
		<import addon="script.common.plugin.cache" version="2.6.0"/>
		<import addon="inputstream.adaptive" version="2.4.5"/>
		<import addon="script.module.inputstreamhelper" version="0.5.2"/>
		<import addon="service.cron.autobiblio" version="2.0.9" optional="true"/>
	</requires>
	<extension point="xbmc.python.pluginsource" library="default.py">
		<provides>video</provides>
	</extension>
	<extension point="xbmc.service" library="service.py"/>
	<extension point="xbmc.addon.metadata">
		<summary lang="de_DE">Streamingdienst von RTLPLUS.de (old=TVNOW.de)</summary>
		<summary lang="en_GB">Streamingservice of RTLPLUS.de (old=TVNOW.de)</summary>
		<description lang="de_DE">Bei RTLPLUS.de (old=TVNOW.de) Serien, Shows und Filme online streamen. Schau dir komplette Serien an, fiebere bei deinen liebsten Daily-Soaps mit oder staune bei spannenden Dokumentationen - alles wann und wo du willst auf Abruf.[CR]Viele Inhalte aus dem TV Programm siehst du bei RTLPLUS.de (old=TVNOW.de) sogar schon vor TV-Aussstrahlung !</description>
		<description lang="en_GB">Stream RTLPLUS.de (old=TVNOW.de) series, shows and movies online. Watch complete series, enjoy your favorite daily soap operas or marvel at exciting documentaries - all when and where you want on demand.[CR]Many content from the TV program you see on RTLPLUS.de (old=TVNOW.de) even before TV broadcast !</description>
		<disclaimer lang="de_DE">Die von diesem Addon dargestellten Inhalte werden von den Erstellern des Addons weder gehostet oder verbreitet, noch stehen die Ersteller in irgendeiner Beziehung zu den Anbietern des Inhalts.</disclaimer>
		<disclaimer lang="en_GB">The author does not host or distribute any of the content displayed by this addon. The author does not have any affiliation with the content providers.</disclaimer>
		<language></language>
		<platform>all</platform>
		<license>GNU GENERAL PUBLIC LICENSE. Version 3, June 2007</license>
		<forum>https://www.kodinerds.net/index.php/Thread/55451-L0REs-Blog/</forum>
		<website>https://www.tvnow.de/</website>
		<email></email>
		<mainsource>https://github.com/Collabsvito/REpo-AiO/</mainsource>
		<source>https://github.com/Collabsvito/REpo-AiO/tree/master/KRYPTON_LEIA/plugin.video.rtlgroup.de</source>
		<assets>
			<icon>icon.png</icon>
			<fanart>fanart.jpg</fanart>
		</assets>
		<news>[B][COLOR orangered]Version 1.0.1  (09.07.2021)[/B] by realvito[CR]
- Initial Release und Rework von RTLPLUS (old=TVNOW) auf Basis der API.v.3
		</news>
	</extension>
</addon>
