﻿<?xml version="1.0" encoding="utf-8" standalone="yes"?>
<addon id="plugin.video.atv_at" name="ATV.at - Mediathek" version="3.0.7+matrix.1" provider-name="realvito">
	<requires>
		<import addon="xbmc.python" version="3.0.0"/>
		<import addon="script.module.requests" version="2.22.0.1"/>
		<import addon="script.common.plugin.cache" version="2.6.1.1"/>
	</requires>
	<extension point="xbmc.python.pluginsource" library="default.py">
		<provides>video</provides>
	</extension>
	<extension point="xbmc.addon.metadata">
		<summary lang="de_DE">Die Mediathek von ATV.at</summary>
		<summary lang="en_GB">The Media-Library of ATV.at</summary>
		<description lang="de_DE">ATV-Produktionen in Österreichs größtem Fernsehprogramm, Filme und Serien sowie ganze Folgen in der Mediathek zum Nachsehen. Da macht online Fernsehen Spaß.[CR]Zusammengestellt von ATV (www.atv.at).</description>
		<description lang="en_GB">ATV-Productions in Austria's largest television program, movies and series as well as entire episodes in the media library to see. That's what makes online TV fun.[CR]Compiled by ATV (www.atv.at).</description>
		<disclaimer lang="de_DE">Die von diesem Addon dargestellten Inhalte werden von den Erstellern des Addons weder gehostet oder verbreitet, noch stehen die Ersteller in irgendeiner Beziehung zu den Anbietern des Inhalts.</disclaimer>
		<disclaimer lang="en_GB">The author does not host or distribute any of the content displayed by this addon. The author does not have any affiliation with the content providers.</disclaimer>
		<language></language>
		<platform>all</platform>
		<license>GNU GENERAL PUBLIC LICENSE. Version 3, June 2007</license>
		<forum>https://www.kodinerds.net/index.php/Thread/55451-L0REs-Blog/</forum>
		<website>https://www.atv.at</website>
		<email></email>
		<source>https://repo.kodinerds.net/addons/matrix/zip/plugin.video.atv_at</source>
		<assets>
			<icon>resources/media/icon.png</icon>
			<fanart>resources/media/fanart.jpg</fanart>
		</assets>
		<news>[B][COLOR orangered]Version 3.0.7+matrix.1  (10.07.2020)[/COLOR][/B][CR]
- fixed: Anzeigefehler im Plot
- added: Verschiedene Rubriken der Mediathek-Startseite hinzugefügt
		</news>
	</extension>
</addon>