﻿<?xml version="1.0" encoding="utf-8" standalone="yes"?>
<addon id="plugin.video.discovery.tlc" name="TLC Mediathek [COLOR FF00EE00](neu)[/COLOR]" version="3.0.3+matrix.1" provider-name="realvito">
	<requires>
		<import addon="xbmc.python" version="3.0.0"/>
		<import addon="script.module.requests" version="2.22.0+matrix.1"/>
	</requires>
	<extension point="xbmc.python.pluginsource" library="default.py">
		<provides>video</provides>
	</extension>
	<extension point="xbmc.addon.metadata">
		<summary lang="de_DE">TLC Mediathek</summary>
		<summary lang="en_GB">TLC Mediathek</summary>
		<description lang="de_DE">Ob Crime, Mystery, Liebes-Geschichten und Sendungen, die von echten menschlichen Schicksalen erzählen - wähle TLC-DE.[CR]Erlebe pure Emotionen auf tlc.de.[CR]TLC-DE (ursprünglich eine Abkürzung für The Learning Channel) ist ein deutschsprachiger Fernsehsender von Discovery Networks Deutschland.</description>
		<description lang="en_GB">Whether it's crime, mystery, love stories or programmes that tell of real human fates - choose TLC-DE.[CR]Experience pure emotion on tlc.de.[CR]TLC-DE (originally an abbreviation for The Learning Channel) is a German-language television station of Discovery Networks Germany.</description>
		<disclaimer lang="de_DE">Die von diesem Addon dargestellten Inhalte werden von den Erstellern des Addons weder gehostet oder verbreitet, noch stehen die Ersteller in irgendeiner Beziehung zu den Anbietern des Inhalts.</disclaimer>
		<disclaimer lang="en_GB">The author does not host or distribute any of the content displayed by this addon. The author does not have any affiliation with the content providers.</disclaimer>
		<language></language>
		<platform>all</platform>
		<license>GNU GENERAL PUBLIC LICENSE. Version 3, June 2007</license>
		<forum>https://www.kodinerds.net/index.php/Thread/55451-L0REs-Blog/</forum>
		<website>https://tlc.de</website>
		<email></email>
		<source>https://repo.kodinerds.net/addons/matrix/zip/plugin.video.discovery.tlc</source>
		<assets>
			<icon>resources/media/icon.png</icon>
			<fanart>resources/media/fanart.jpg</fanart>
		</assets>
		<news>[B][COLOR orangered]Version 3.0.3+matrix.1  (02.08.2020)[/COLOR][/B][CR]
- fixed: Encodingfehler in Addon-Favoriten
- changed: Addon- ICON und FANART erneuert
		</news>
	</extension>
</addon>