﻿<?xml version="1.0" encoding="utf-8" standalone="yes"?>
<addon id="plugin.video.bibeltv" name="Bibel.TV" version="2.0.3+matrix.1" provider-name="realvito">
	<requires>
		<import addon="xbmc.python" version="3.0.0"/>
		<import addon="script.module.requests" version="2.22.0+matrix.1"/>
	</requires>
	<extension point="xbmc.python.pluginsource" library="default.py">
		<provides>video</provides>
	</extension>
	<extension point="xbmc.addon.metadata">
		<summary lang="de_DE">Der christlich ausgerichtete Free-TV-Sender</summary>
		<summary lang="en_GB">The Christian-oriented free-TV channel</summary>
		<description lang="de_DE">bibel.TV ist ein deutschsprachiger Fernsehsender. Als erster christlicher Fernsehsender wurde bibel.TV 2001 gegründet.[CR]Die Verbreitung des christlichen Glaubens steht im Mittelpunkt des Fernsehprogramms, das das gesamte Spektrum journalistischer und unterhaltender Sendeformate abbildet.</description>
		<description lang="en_GB">bibel.TV is a German language television station. bibel.TV was founded in 2001 as the first Christian television station.[CR]The spreading of the Christian faith is the focus of the television programme, which depicts the entire spectrum of journalistic and entertaining broadcast formats.</description>
		<disclaimer lang="de_DE">Die von diesem Addon dargestellten Inhalte werden von den Erstellern des Addons weder gehostet oder verbreitet, noch stehen die Ersteller in irgendeiner Beziehung zu den Anbietern des Inhalts.</disclaimer>
		<disclaimer lang="en_GB">The author does not host or distribute any of the content displayed by this addon. The author does not have any affiliation with the content providers.</disclaimer>
		<language></language>
		<platform>all</platform>
		<license>GNU GENERAL PUBLIC LICENSE. Version 3, June 2007</license>
		<forum>https://www.kodinerds.net/thread/55451-l0res-blog-realvitos-fixing-thread/</forum>
		<website>https://www.bibeltv.de/home</website>
		<email></email>
		<mainsource>https://github.com/Collabsvito/REpo-AiO/</mainsource>
		<source>https://github.com/Collabsvito/REpo-AiO/tree/master/MATRIX/plugin.video.bibeltv</source>
		<assets>
			<icon>resources/media/icon.png</icon>
			<fanart>resources/media/fanart.jpg</fanart>
		</assets>
		<news>
[B][COLOR orangered]Version 2.0.3+matrix.1  (11.08.2023)[/COLOR][/B]
- fixed: Seltene Wiedergabefehler
- added: Serien- und Episodenkennzeichnung im Titel ausblenden (settings)
- added: Sendezeit und Sendungsbeschreibung für Livestreams
- added: Anpassungen an Änderungen von KODI - Nexus/Omega
- optimized: Anzeige über dem Plot (Serie, Folge, Datum) übersichtlicher gestaltet
- replaced: Livestream 'Bibel TV Musik' ersetzt durch 'Echt Jetzt'
- removed: Subgenres anzeigen (settings) = gibt es in der API nicht mehr
		</news>
	</extension>
</addon>
