﻿<?xml version="1.0" encoding="utf-8" standalone="yes"?>
<addon id="plugin.video.rtlgroup.de" name="RTLPLUS - NW" version="1.2.4+matrix.1" provider-name="realvito">
	<requires>
		<import addon="xbmc.python" version="3.0.0"/>
		<import addon="script.module.requests" version="2.27.0"/>
		<import addon="script.common.plugin.cache" version="2.6.2+matrix.1"/>
		<import addon="inputstream.adaptive" version="2.4.8"/>
		<import addon="script.module.inputstreamhelper" version="0.5.5+matrix.1"/>
		<import addon="service.cron.autobiblio" version="2.1.2+matrix.1" optional="true"/>
	</requires>
	<extension point="xbmc.python.pluginsource" library="default.py">
		<provides>video</provides>
	</extension>
	<extension point="xbmc.service" library="service.py"/>
	<extension point="xbmc.addon.metadata">
		<summary lang="de_DE">Streamingdienst von RTL+ in Deutschland</summary>
		<summary lang="en_GB">Streamingservice of RTL+ in Germany</summary>
		<description lang="de_DE">[COLOR orangered]- Die API.v.3 von RTL+ Deutschland wurde abgeschaltet.[CR]- Addon-Support eingestellt ![/COLOR]</description>
		<description lang="en_GB">[COLOR orangered]- The API.v.3 of RTL+ Germany has been switched off.[CR]- Addon support discontinued ![/COLOR]</description>
		<disclaimer lang="de_DE">Die von diesem Addon dargestellten Inhalte werden von den Erstellern des Addons weder gehostet oder verbreitet, noch stehen die Ersteller in irgendeiner Beziehung zu den Anbietern des Inhalts.</disclaimer>
		<disclaimer lang="en_GB">The content displayed by this Addon is not hosted or distributed by the creators of the Addon, nor do the creators have any affiliation with the providers of the content.</disclaimer>
		<language></language>
		<platform>all</platform>
		<license>GNU GENERAL PUBLIC LICENSE. Version 3, June 2007</license>
		<forum>https://www.kodinerds.net/thread/55451-l0res-blog-realvitos-fixing-thread/</forum>
		<website>https://plus.rtl.de</website>
		<email></email>
		<mainsource>https://github.com/Collabsvito/REpo-AiO/</mainsource>
		<source>https://github.com/Collabsvito/REpo-AiO/tree/master/MATRIX/plugin.video.rtlgroup.de</source>
		<assets>
			<icon>resources/media/icon.png</icon>
			<fanart>resources/media/fanart.jpg</fanart>
		</assets>
		<lifecyclestate type="broken" lang="de_DE">- Die API.v.3 von RTL+ Deutschland wurde abgeschaltet.[CR]- Addon-Support eingestellt !</lifecyclestate>
		<lifecyclestate type="broken" lang="en_GB">- The API.v.3 of RTL+ Germany has been switched off.[CR]- Addon support discontinued !</lifecyclestate>
		<news>
[B][COLOR orangered]Version 1.2.4+matrix.1  (27.02.2025)[/COLOR][/B]
- Die API.v.3 von RTL+ Deutschland wurde abgeschaltet.[CR]- Addon-Support eingestellt !
		</news>
	</extension>
</addon>
