﻿<?xml version="1.0" encoding="utf-8" standalone="yes"?>
<addon id="plugin.audio.lippewelle.fm" name="Radio-Lippewelle [COLOR FF00EE00]FM[/COLOR]" version="1.0.7+matrix.1" provider-name="realvito">
	<requires>
		<import addon="xbmc.python" version="3.0.0"/>
		<import addon="script.module.requests" version="2.27.0"/>
	</requires>
	<extension point="xbmc.python.pluginsource" library="default.py">
		<provides>audio</provides>
	</extension>
	<extension point="xbmc.addon.metadata">
		<summary lang="de_DE">Radio Lippewelle 105</summary>
		<summary lang="en_GB">Radio Lippewelle 105</summary>
		<description lang="de_DE">Radio Lippe Welle Hamm ist das Lokalradio für die Stadt Hamm.[CR]Hier erfahrt ihr, was in Hamm geht. Wir geben euch Tipps für tagsüber oder abends, drinnen oder draußen.[CR]Mit der Lippewelle geht's vor die Tür.</description>
		<description lang="en_GB">Radio Lippe Welle Hamm is the local radio for the city of Hamm.[CR]Here you can find out what's going on in Hamm. We give you tips for day or evening, indoors or outdoors.[CR]With the Lippewelle it goes outdoors.</description>
		<disclaimer lang="de_DE">Die von diesem Addon dargestellten Inhalte werden von den Erstellern des Addons weder gehostet oder verbreitet, noch stehen die Ersteller in irgendeiner Beziehung zu den Anbietern des Inhalts.</disclaimer>
		<disclaimer lang="en_GB">The content displayed by this Addon is not hosted or distributed by the creators of the Addon, nor do the creators have any affiliation with the providers of the content.</disclaimer>
		<language></language>
		<platform>all</platform>
		<license>GNU GENERAL PUBLIC LICENSE. Version 3, June 2007</license>
		<forum>https://www.kodinerds.net/thread/55451-l0res-blog-realvitos-fixing-thread/</forum>
		<website>https://www.lippewelle.de</website>
		<email></email>
		<mainsource>https://github.com/Collabsvito/REpo-AiO/</mainsource>
		<source>https://github.com/Collabsvito/REpo-AiO/tree/master/MATRIX/plugin.audio.lippewelle.fm</source>
		<assets>
			<icon>resources/media/icon.png</icon>
			<fanart>resources/media/fanart_green.png</fanart>
		</assets>
		<news>
[B][COLOR orangered]Version 1.0.7+matrix.1  (21.09.2025)[/COLOR][/B]
- fixed: Viele Ordner zeigen keinen Inhalt
- optimized: Beschreibungen der einzelnen Rubriken anzeigen
- optimized: Multi-Abfrage der Metadaten mittels 'concurrent.futures'
- added: Während der Wiedergabe von Radio-Sendern RDS-Daten anzeigen (sofern vorhanden)
- added: Rubriken = Aktuelle Nachrichten, Atzes Kaltstart, Die Welt in 30 Sekunden, Nelson Müllers Kitchen Club und Stars zu Gast
- removed: Rubriken = addON - Gaming News, Corona Update - Der Podcast, Hammer Geschichten, Hausbesuch, Heimspiel - Musik von hier, Guter Stoff, Midlife Party, Serie: Schützenfest-ABC und Sommer bei uns
		</news>
	</extension>
</addon>
