﻿<?xml version="1.0" encoding="utf-8" standalone="yes"?>
<addon id="plugin.video.kika_de" name="KiKA plus" version="3.4.4+matrix.1" provider-name="realvito">
	<requires>
		<import addon="xbmc.python" version="3.0.0"/>
		<import addon="script.module.requests" version="2.22.0+matrix.1"/>
	</requires>
	<extension point="xbmc.python.pluginsource" library="default.py">
		<provides>video</provides>
	</extension>
	<extension point="xbmc.addon.metadata">
		<summary lang="de_DE">KIKA Mediathek</summary>
		<summary lang="en_GB">KIKA media library</summary>
		<description lang="de_DE">KiKA - der Kinderkanal von ARD und ZDF.</description>
		<description lang="en_GB">KiKA - the kids channel from ARD and ZDF.</description>
		<disclaimer lang="de_DE">Die von diesem Addon dargestellten Inhalte werden von den Erstellern des Addons weder gehostet oder verbreitet, noch stehen die Ersteller in irgendeiner Beziehung zu den Anbietern des Inhalts.</disclaimer>
		<disclaimer lang="en_GB">The author does not host or distribute any of the content displayed by this addon. The author does not have any affiliation with the content providers.</disclaimer>
		<language></language>
		<platform>all</platform>
		<license>GNU GENERAL PUBLIC LICENSE. Version 3, June 2007</license>
		<forum>https://www.kodinerds.net/index.php/Thread/55451-L0REs-Blog/</forum>
		<website>https://www.kika.de</website>
		<email></email>
		<mainsource>https://github.com/Collabsvito/REpo-AiO/</mainsource>
		<source>https://github.com/Collabsvito/REpo-AiO/tree/master/MATRIX/plugin.video.kika_de</source>
		<assets>
			<icon>resources/media/icon.png</icon>
			<fanart>resources/media/fanart.jpg</fanart>
		</assets>
		<news>[B][COLOR orangered]Version 3.4.4+matrix.1  (21.05.2022)[/COLOR][/B][CR]
- fixed: Videos mit der Endung 'm3u8' werden teilweise NICHT abgespielt (HTTP-Error 503)
- optimized: Alle Ordner werden jetzt schneller geöffnet durch neue *asynchrone* Abfragemethode
- optimized: Ausführlichen/Erweiterten Plot für jedes Video laden
- added: Rubriken = Letzte Chance, Videos mit Gebärdensprache, Hörfilme für Kinder
- added: Alle Sendungen in einer Liste = 'KOMPLETT-ÜBERSICHT' (Unterordner)
- added: Sortierung der Episoden auswählen (settings)
- removed: Max. gelistete Seiten einer Serie (settings - es werden jetzt immer alle Seiten gelistet)
- removed: Qualitätsauswahl für MP4-Streams (settings - jetzt immer autom. höchste verfügbare Qualität abspielen)
- comment: *Wenn Sie eine schwächere Qualität des Streams bevorzugen, wählen Sie den Inputstream-Stream und regeln dort die Qualität herunter !*
		</news>
	</extension>
</addon>
