﻿<?xml version="1.0" encoding="utf-8" standalone="yes"?>
<addon id="plugin.video.fernsehkritik_tv" name="Massengeschmack [COLOR FF00EE00](light)[/COLOR]" version="2.2.8+matrix.1" provider-name="realvito">
	<requires>
		<import addon="xbmc.python" version="3.0.0"/>
		<import addon="script.module.requests" version="2.27.0"/>
		<import addon="plugin.video.youtube" version="6.8.1+matrix.1" optional="true"/>
	</requires>
	<extension point="xbmc.python.pluginsource" library="default.py">
		<provides>video</provides>
	</extension>
	<extension point="xbmc.addon.metadata">
		<summary lang="de_DE">Satirisch und kritische TV-Magazine</summary>
		<summary lang="en_GB">Satirical and critical TV-Magazines</summary>
		<description lang="de_DE">Am 5. August 2013 startete Massengeschmack mit den Magazinen Fernsehkritik-TV, Pantoffelkino (als Pantoffel-TV) und Pressesch(l)au. Fernsehkritik-TV und die neuen Formate werden seit dem Start von Massengeschmack in dem Alsterfilm-Studio in Hamburg-Wandsbek produziert.[CR][CR][COLOR FF00EE00]Dieses Addon stellt nur den FREI verfügbaren Inhalt von 'massengeschmack.tv' zur Verfügung ![/COLOR]</description>
		<description lang="en_GB">On August 5, 2013 Massengeschmack started with the magazines Fernsehkritik-TV, Pantoffelkino (as Pantoffel-TV) and Pressesch(l)au. Fernsehkritik-TV and the new formats have been produced at the Alsterfilm-Studio in Hamburg-Wandsbek since the launch of Massengeschmack.[CR][CR][COLOR FF00EE00]This Addon provides only the FREE available content of 'massengeschmack.tv' ![/COLOR]</description>
		<disclaimer lang="de_DE">Die von diesem Addon dargestellten Inhalte werden von den Erstellern des Addons weder gehostet oder verbreitet, noch stehen die Ersteller in irgendeiner Beziehung zu den Anbietern des Inhalts.</disclaimer>
		<disclaimer lang="en_GB">The author does not host or distribute any of the content displayed by this addon. The author does not have any affiliation with the content providers.</disclaimer>
		<language></language>
		<platform>all</platform>
		<license>GNU GENERAL PUBLIC LICENSE. Version 3, June 2007</license>
		<forum>https://www.kodinerds.net/thread/55451-l0res-blog-realvitos-fixing-thread/</forum>
		<website>https://massengeschmack.tv</website>
		<email></email>
		<mainsource>https://github.com/Collabsvito/REpo-AiO/</mainsource>
		<source>https://github.com/Collabsvito/REpo-AiO/tree/master/MATRIX/plugin.video.fernsehkritik_tv</source>
		<assets>
			<icon>resources/media/icon.png</icon>
			<fanart>resources/media/fanart.jpg</fanart>
		</assets>
		<news>
[B][COLOR orangered]Version 2.2.8+matrix.1  (02.11.2025)[/COLOR][/B]
- fixed: Dynamische Playlisten von 'Massengeschmack.TV' auf YouTube werden nicht mehr angezeigt (Zusatz-Modul: Scrapetube entfernt - jetzt direkte Abfrage über YouTube-API.v.3)
- optimized: Addon-Code cleanup
		</news>
	</extension>
</addon>
