﻿<?xml version="1.0" encoding="utf-8" standalone="yes"?>
<addon id="plugin.video.dfb_tv" name="DFB - Sport" version="2.0.5" provider-name="realvito">
	<requires>
		<import addon="xbmc.python" version="2.25.0"/>
	</requires>
	<extension point="xbmc.python.pluginsource" library="default.py">
		<provides>video</provides>
	</extension>
	<extension point="xbmc.addon.metadata">
		<summary lang="de_DE">Videoportal des DFB</summary>
		<summary lang="en_GB">Videoportal of the DFB</summary>
		<description lang="de_DE">Mit fast 7 Millionen Mitgliedern der angeschlossenen Vereine ist der DFB der größte nationale Sport-Fachverband der Welt.[CR]Sehen Sie Zusammenfassungen von Spielen aus dem deutschen Männer- und Frauenfußball, Livestreams, sonstige Videos mit Bezug zum DFB.</description>
		<description lang="en_GB">With almost 7 million members of affiliated clubs, the DFB is the largest national sports federation in the world.[CR]Watch summaries of German men's and women's football matches, livestreams, other DFB-related videos.</description>
		<disclaimer lang="de_DE">Die von diesem Addon dargestellten Inhalte werden von den Erstellern des Addons weder gehostet oder verbreitet, noch stehen die Ersteller in irgendeiner Beziehung zu den Anbietern des Inhalts.</disclaimer>
		<disclaimer lang="en_GB">The author does not host or distribute any of the content displayed by this addon. The author does not have any affiliation with the content providers.</disclaimer>
		<language></language>
		<platform>all</platform>
		<license>GNU GENERAL PUBLIC LICENSE. Version 3, June 2007</license>
		<forum>https://www.kodinerds.net/index.php/Thread/55451-L0REs-Blog/</forum>
		<website>https://www.dfb.de/start/</website>
		<email></email>
		<mainsource>https://github.com/Collabsvito/REpo-AiO/</mainsource>
		<source>https://repo.kodinerds.net/addons/krypton/zip/plugin.video.dfb_tv</source>
		<assets>
			<icon>icon.png</icon>
			<fanart>fanart.jpg</fanart>
		</assets>
		<news>[B][COLOR orangered]Version 2.0.5  (13.04.2021)[/COLOR][/B][CR]
- added: Weitere Rubriken zur Auswahl hinzugefügt
- added: Wahlweise = Streams mit Inputstream.Adaptive abspielen oder Qualitätsauswahl
- added: Addon kompatibel mit PYTHON-Vers.3 gemacht (für KODI-19+) :-)
- optimized: Code cleanup
		</news>
	</extension>
</addon>