﻿<?xml version="1.0" encoding="utf-8" standalone="yes"?>
<addon id="plugin.video.kika_de" name="KiKA plus" version="3.4.7+matrix.1" provider-name="realvito">
	<requires>
		<import addon="xbmc.python" version="3.0.0"/>
		<import addon="script.module.requests" version="2.22.0+matrix.1"/>
	</requires>
	<extension point="xbmc.python.pluginsource" library="default.py">
		<provides>video</provides>
	</extension>
	<extension point="xbmc.addon.metadata">
		<summary lang="de_DE">KIKA Mediathek</summary>
		<summary lang="en_GB">KIKA Mediathek</summary>
		<description lang="de_DE">Das TV-Programm von KiKA richtet sich mit seinen Filmen, Serien und Sendungen an Kinder im Alter von 3 bis 13 Jahren.[CR]Sowohl Realserien wie "Schloss Einstein" und "Die Pfefferkörner" oder Zeichentrickklassiker aus den 70er und 80er Jahren wie "Wickie", "Nils Holgersson" oder "Die Biene Maja" sind fester Bestandteil von KiKA.</description>
		<description lang="en_GB">With its films, series and programs, KiKA's TV program is aimed at children aged 3 to 13.[CR]Both reality series like "Schloss Einstein" and "Die Pfefferkörner" and animated classics from the 1970s and 1980s like "Wickie," "Nils Holgersson" and "Die Biene Maja" are fixed components of KiKA.</description>
		<disclaimer lang="de_DE">Die von diesem Addon dargestellten Inhalte werden von den Erstellern des Addons weder gehostet oder verbreitet, noch stehen die Ersteller in irgendeiner Beziehung zu den Anbietern des Inhalts.</disclaimer>
		<disclaimer lang="en_GB">The author does not host or distribute any of the content displayed by this addon. The author does not have any affiliation with the content providers.</disclaimer>
		<language></language>
		<platform>all</platform>
		<license>GNU GENERAL PUBLIC LICENSE. Version 3, June 2007</license>
		<forum>https://www.kodinerds.net/index.php/Thread/55451-L0REs-Blog/</forum>
		<website>https://www.kika.de</website>
		<email></email>
		<mainsource>https://github.com/Collabsvito/REpo-AiO/</mainsource>
		<source>https://github.com/Collabsvito/REpo-AiO/tree/master/MATRIX/plugin.video.kika_de</source>
		<assets>
			<icon>resources/media/icon.png</icon>
			<fanart>resources/media/fanart.jpg</fanart>
		</assets>
		<news>
[B][COLOR orangered]Version 3.4.7+matrix.1  (30.03.2023)[/COLOR][/B]
- added: Alle Rubriken für die Funktion mit der Android-API angepasst
- added: Rubrik = Lollywood (KiKA Filme)
- added: Diverse Sortiermethoden für Episoden im Seitenmenü
- removed: Rubriken die für die Funktion mit der Web-API festgelegt waren
- comment: *Mein besonderer Dank geht an den User: 'buzz-tee' auf Github für seine Unterstützung*
		</news>
	</extension>
</addon>
