﻿<?xml version="1.0" encoding="utf-8" standalone="yes"?>
<addon id="plugin.video.3plus_ch" name="3plus TV" version="1.0.4+matrix.1" provider-name="realvito">
	<requires>
		<import addon="xbmc.python" version="3.0.0"/>
		<import addon="script.common.plugin.cache" version="2.6.1.1"/>
	</requires>
	<extension point="xbmc.python.pluginsource" library="default.py">
		<provides>video</provides>
	</extension>
	<extension point="xbmc.addon.metadata">
		<summary lang="de_DE">Videoportal von 3plus.tv</summary>
		<summary lang="en_GB">Videoportal of 3plus.tv</summary>
		<description lang="de_DE">3 Plus (3+) ist ein überregionaler privater Fernsehsender aus der Schweiz.[CR]Das abwechslungsreiche Programm von 3+ bietet Unterhaltung mit Schweizer-Eigenproduktionen.</description>
		<description lang="en_GB">3 Plus (3+) is a nationwide private television station from Switzerland.[CR]The varied program of 3+ offers entertainment with Swiss in-house productions.</description>
		<disclaimer lang="de_DE">Die von diesem Addon dargestellten Inhalte werden von den Erstellern des Addons weder gehostet oder verbreitet, noch stehen die Ersteller in irgendeiner Beziehung zu den Anbietern des Inhalts.</disclaimer>
		<disclaimer lang="en_GB">The author does not host or distribute any of the content displayed by this addon. The author does not have any affiliation with the content providers.</disclaimer>
		<language></language>
		<platform>all</platform>
		<license>GNU GENERAL PUBLIC LICENSE. Version 3, June 2007</license>
		<forum>https://www.kodinerds.net/index.php/Thread/55451-L0REs-Blog/</forum>
		<website>https://www.3plus.tv/</website>
		<email></email>
		<source>https://repo.kodinerds.net/addons/matrix/zip/plugin.video.3plus_ch</source>
		<assets>
			<icon>resources/media/icon.png</icon>
			<fanart>resources/media/fanart.jpg</fanart>
		</assets>
		<news>[B][COLOR orangered]Version 1.0.4+matrix.1  (13.06.2020)[/COLOR][/B][CR]
- fixed: Fehler beim aufrufen einzelner Staffeln einer Serie
- optimized: Weitere Anpassungen für die neue API
* Leider sind viele Videos immer noch nicht im hauseigenen KalturaPlayer registriert (nicht abspielbar) *
		</news>
	</extension>
</addon>